id	normal	floating	normalTransportEqual	floatingTransportEqual
text-0/a0/m0/n0/c0	match	match	true	true
text-0/a0/m0/n0/c1	match	match	true	true
text-0/a0/m0/n0/c2	match	match	true	true
text-0/a0/m0/n0/c3	match	match	true	true
text-0/a0/m0/n1/c0	match	match	true	true
text-0/a0/m0/n1/c1	match	match	true	true
text-0/a0/m0/n1/c2	match	match	true	true
text-0/a0/m0/n1/c3	match	match	true	true
text-0/a0/m1/n0/c0	match	match	true	true
text-0/a0/m1/n0/c1	match	match	true	true
text-0/a0/m1/n0/c2	match	match	true	true
text-0/a0/m1/n0/c3	match	match	true	true
text-0/a0/m1/n1/c0	match	match	true	true
text-0/a0/m1/n1/c1	match	match	true	true
text-0/a0/m1/n1/c2	match	match	true	true
text-0/a0/m1/n1/c3	match	match	true	true
text-0/a0/m2/n0/c0	match	match	true	true
text-0/a0/m2/n0/c1	match	match	true	true
text-0/a0/m2/n0/c2	match	match	true	true
text-0/a0/m2/n0/c3	match	match	true	true
text-0/a0/m2/n1/c0	match	match	true	true
text-0/a0/m2/n1/c1	match	match	true	true
text-0/a0/m2/n1/c2	match	match	true	true
text-0/a0/m2/n1/c3	match	match	true	true
text-0/a0/m3/n0/c0	match	match	true	true
text-0/a0/m3/n0/c1	match	match	true	true
text-0/a0/m3/n0/c2	match	match	true	true
text-0/a0/m3/n0/c3	match	match	true	true
text-0/a0/m3/n1/c0	match	match	true	true
text-0/a0/m3/n1/c1	match	match	true	true
text-0/a0/m3/n1/c2	match	match	true	true
text-0/a0/m3/n1/c3	match	match	true	true
text-0/a1/m0/n0/c0	match	match	true	true
text-0/a1/m0/n0/c1	match	match	true	true
text-0/a1/m0/n0/c2	match	match	true	true
text-0/a1/m0/n0/c3	match	match	true	true
text-0/a1/m0/n1/c0	match	match	true	true
text-0/a1/m0/n1/c1	match	match	true	true
text-0/a1/m0/n1/c2	match	match	true	true
text-0/a1/m0/n1/c3	match	match	true	true
text-0/a1/m1/n0/c0	match	match	true	true
text-0/a1/m1/n0/c1	match	match	true	true
text-0/a1/m1/n0/c2	match	match	true	true
text-0/a1/m1/n0/c3	match	match	true	true
text-0/a1/m1/n1/c0	match	match	true	true
text-0/a1/m1/n1/c1	match	match	true	true
text-0/a1/m1/n1/c2	match	match	true	true
text-0/a1/m1/n1/c3	match	match	true	true
text-0/a1/m2/n0/c0	match	match	true	true
text-0/a1/m2/n0/c1	match	match	true	true
text-0/a1/m2/n0/c2	match	match	true	true
text-0/a1/m2/n0/c3	match	match	true	true
text-0/a1/m2/n1/c0	match	match	true	true
text-0/a1/m2/n1/c1	match	match	true	true
text-0/a1/m2/n1/c2	match	match	true	true
text-0/a1/m2/n1/c3	match	match	true	true
text-0/a1/m3/n0/c0	match	match	true	true
text-0/a1/m3/n0/c1	match	match	true	true
text-0/a1/m3/n0/c2	match	match	true	true
text-0/a1/m3/n0/c3	match	match	true	true
text-0/a1/m3/n1/c0	match	match	true	true
text-0/a1/m3/n1/c1	match	match	true	true
text-0/a1/m3/n1/c2	match	match	true	true
text-0/a1/m3/n1/c3	match	match	true	true
text-0/a2/m0/n0/c0	match	match	true	true
text-0/a2/m0/n0/c1	match	match	true	true
text-0/a2/m0/n0/c2	match	match	true	true
text-0/a2/m0/n0/c3	match	match	true	true
text-0/a2/m0/n1/c0	match	match	true	true
text-0/a2/m0/n1/c1	match	match	true	true
text-0/a2/m0/n1/c2	match	match	true	true
text-0/a2/m0/n1/c3	match	match	true	true
text-0/a2/m1/n0/c0	match	match	true	true
text-0/a2/m1/n0/c1	match	match	true	true
text-0/a2/m1/n0/c2	match	match	true	true
text-0/a2/m1/n0/c3	match	match	true	true
text-0/a2/m1/n1/c0	match	match	true	true
text-0/a2/m1/n1/c1	match	match	true	true
text-0/a2/m1/n1/c2	match	match	true	true
text-0/a2/m1/n1/c3	match	match	true	true
text-0/a2/m2/n0/c0	match	match	true	true
text-0/a2/m2/n0/c1	match	match	true	true
text-0/a2/m2/n0/c2	match	match	true	true
text-0/a2/m2/n0/c3	match	match	true	true
text-0/a2/m2/n1/c0	match	match	true	true
text-0/a2/m2/n1/c1	match	match	true	true
text-0/a2/m2/n1/c2	match	match	true	true
text-0/a2/m2/n1/c3	match	match	true	true
text-0/a2/m3/n0/c0	match	match	true	true
text-0/a2/m3/n0/c1	match	match	true	true
text-0/a2/m3/n0/c2	match	match	true	true
text-0/a2/m3/n0/c3	match	match	true	true
text-0/a2/m3/n1/c0	match	match	true	true
text-0/a2/m3/n1/c1	match	match	true	true
text-0/a2/m3/n1/c2	match	match	true	true
text-0/a2/m3/n1/c3	match	match	true	true
text-0/a3/m0/n0/c0	match	match	true	true
text-0/a3/m0/n0/c1	match	match	true	true
text-0/a3/m0/n0/c2	match	match	true	true
text-0/a3/m0/n0/c3	match	match	true	true
text-0/a3/m0/n1/c0	match	match	true	true
text-0/a3/m0/n1/c1	match	match	true	true
text-0/a3/m0/n1/c2	match	match	true	true
text-0/a3/m0/n1/c3	match	match	true	true
text-0/a3/m1/n0/c0	match	match	true	true
text-0/a3/m1/n0/c1	match	match	true	true
text-0/a3/m1/n0/c2	match	match	true	true
text-0/a3/m1/n0/c3	match	match	true	true
text-0/a3/m1/n1/c0	match	match	true	true
text-0/a3/m1/n1/c1	match	match	true	true
text-0/a3/m1/n1/c2	match	match	true	true
text-0/a3/m1/n1/c3	match	match	true	true
text-0/a3/m2/n0/c0	match	match	true	true
text-0/a3/m2/n0/c1	match	match	true	true
text-0/a3/m2/n0/c2	match	match	true	true
text-0/a3/m2/n0/c3	match	match	true	true
text-0/a3/m2/n1/c0	match	match	true	true
text-0/a3/m2/n1/c1	match	match	true	true
text-0/a3/m2/n1/c2	match	match	true	true
text-0/a3/m2/n1/c3	match	match	true	true
text-0/a3/m3/n0/c0	match	match	true	true
text-0/a3/m3/n0/c1	match	match	true	true
text-0/a3/m3/n0/c2	match	match	true	true
text-0/a3/m3/n0/c3	match	match	true	true
text-0/a3/m3/n1/c0	match	match	true	true
text-0/a3/m3/n1/c1	match	match	true	true
text-0/a3/m3/n1/c2	match	match	true	true
text-0/a3/m3/n1/c3	match	match	true	true
text-0/a4/m0/n0/c0	match	match	true	true
text-0/a4/m0/n0/c1	match	match	true	true
text-0/a4/m0/n0/c2	match	match	true	true
text-0/a4/m0/n0/c3	match	match	true	true
text-0/a4/m0/n1/c0	match	match	true	true
text-0/a4/m0/n1/c1	match	match	true	true
text-0/a4/m0/n1/c2	match	match	true	true
text-0/a4/m0/n1/c3	match	match	true	true
text-0/a4/m1/n0/c0	match	match	true	true
text-0/a4/m1/n0/c1	match	match	true	true
text-0/a4/m1/n0/c2	match	match	true	true
text-0/a4/m1/n0/c3	match	match	true	true
text-0/a4/m1/n1/c0	match	match	true	true
text-0/a4/m1/n1/c1	match	match	true	true
text-0/a4/m1/n1/c2	match	match	true	true
text-0/a4/m1/n1/c3	match	match	true	true
text-0/a4/m2/n0/c0	match	match	true	true
text-0/a4/m2/n0/c1	match	match	true	true
text-0/a4/m2/n0/c2	match	match	true	true
text-0/a4/m2/n0/c3	match	match	true	true
text-0/a4/m2/n1/c0	match	match	true	true
text-0/a4/m2/n1/c1	match	match	true	true
text-0/a4/m2/n1/c2	match	match	true	true
text-0/a4/m2/n1/c3	match	match	true	true
text-0/a4/m3/n0/c0	match	match	true	true
text-0/a4/m3/n0/c1	match	match	true	true
text-0/a4/m3/n0/c2	match	match	true	true
text-0/a4/m3/n0/c3	match	match	true	true
text-0/a4/m3/n1/c0	match	match	true	true
text-0/a4/m3/n1/c1	match	match	true	true
text-0/a4/m3/n1/c2	match	match	true	true
text-0/a4/m3/n1/c3	match	match	true	true
text-0/a5/m0/n0/c0	match	match	true	true
text-0/a5/m0/n0/c1	match	match	true	true
text-0/a5/m0/n0/c2	match	match	true	true
text-0/a5/m0/n0/c3	match	match	true	true
text-0/a5/m0/n1/c0	match	match	true	true
text-0/a5/m0/n1/c1	match	match	true	true
text-0/a5/m0/n1/c2	match	match	true	true
text-0/a5/m0/n1/c3	match	match	true	true
text-0/a5/m1/n0/c0	match	match	true	true
text-0/a5/m1/n0/c1	match	match	true	true
text-0/a5/m1/n0/c2	match	match	true	true
text-0/a5/m1/n0/c3	match	match	true	true
text-0/a5/m1/n1/c0	match	match	true	true
text-0/a5/m1/n1/c1	match	match	true	true
text-0/a5/m1/n1/c2	match	match	true	true
text-0/a5/m1/n1/c3	match	match	true	true
text-0/a5/m2/n0/c0	match	match	true	true
text-0/a5/m2/n0/c1	match	match	true	true
text-0/a5/m2/n0/c2	match	match	true	true
text-0/a5/m2/n0/c3	match	match	true	true
text-0/a5/m2/n1/c0	match	match	true	true
text-0/a5/m2/n1/c1	match	match	true	true
text-0/a5/m2/n1/c2	match	match	true	true
text-0/a5/m2/n1/c3	match	match	true	true
text-0/a5/m3/n0/c0	match	match	true	true
text-0/a5/m3/n0/c1	match	match	true	true
text-0/a5/m3/n0/c2	match	match	true	true
text-0/a5/m3/n0/c3	match	match	true	true
text-0/a5/m3/n1/c0	match	match	true	true
text-0/a5/m3/n1/c1	match	match	true	true
text-0/a5/m3/n1/c2	match	match	true	true
text-0/a5/m3/n1/c3	match	match	true	true
text-0/a6/m0/n0/c0	match	match	true	true
text-0/a6/m0/n0/c1	match	match	true	true
text-0/a6/m0/n0/c2	match	match	true	true
text-0/a6/m0/n0/c3	match	match	true	true
text-0/a6/m0/n1/c0	match	match	true	true
text-0/a6/m0/n1/c1	match	match	true	true
text-0/a6/m0/n1/c2	match	match	true	true
text-0/a6/m0/n1/c3	match	match	true	true
text-0/a6/m1/n0/c0	match	match	true	true
text-0/a6/m1/n0/c1	match	match	true	true
text-0/a6/m1/n0/c2	match	match	true	true
text-0/a6/m1/n0/c3	match	match	true	true
text-0/a6/m1/n1/c0	match	match	true	true
text-0/a6/m1/n1/c1	match	match	true	true
text-0/a6/m1/n1/c2	match	match	true	true
text-0/a6/m1/n1/c3	match	match	true	true
text-0/a6/m2/n0/c0	match	match	true	true
text-0/a6/m2/n0/c1	match	match	true	true
text-0/a6/m2/n0/c2	match	match	true	true
text-0/a6/m2/n0/c3	match	match	true	true
text-0/a6/m2/n1/c0	match	match	true	true
text-0/a6/m2/n1/c1	match	match	true	true
text-0/a6/m2/n1/c2	match	match	true	true
text-0/a6/m2/n1/c3	match	match	true	true
text-0/a6/m3/n0/c0	match	match	true	true
text-0/a6/m3/n0/c1	match	match	true	true
text-0/a6/m3/n0/c2	match	match	true	true
text-0/a6/m3/n0/c3	match	match	true	true
text-0/a6/m3/n1/c0	match	match	true	true
text-0/a6/m3/n1/c1	match	match	true	true
text-0/a6/m3/n1/c2	match	match	true	true
text-0/a6/m3/n1/c3	match	match	true	true
text-0/a7/m0/n0/c0	match	match	true	true
text-0/a7/m0/n0/c1	match	match	true	true
text-0/a7/m0/n0/c2	match	match	true	true
text-0/a7/m0/n0/c3	match	match	true	true
text-0/a7/m0/n1/c0	match	match	true	true
text-0/a7/m0/n1/c1	match	match	true	true
text-0/a7/m0/n1/c2	match	match	true	true
text-0/a7/m0/n1/c3	match	match	true	true
text-0/a7/m1/n0/c0	match	match	true	true
text-0/a7/m1/n0/c1	match	match	true	true
text-0/a7/m1/n0/c2	match	match	true	true
text-0/a7/m1/n0/c3	match	match	true	true
text-0/a7/m1/n1/c0	match	match	true	true
text-0/a7/m1/n1/c1	match	match	true	true
text-0/a7/m1/n1/c2	match	match	true	true
text-0/a7/m1/n1/c3	match	match	true	true
text-0/a7/m2/n0/c0	match	match	true	true
text-0/a7/m2/n0/c1	match	match	true	true
text-0/a7/m2/n0/c2	match	match	true	true
text-0/a7/m2/n0/c3	match	match	true	true
text-0/a7/m2/n1/c0	match	match	true	true
text-0/a7/m2/n1/c1	match	match	true	true
text-0/a7/m2/n1/c2	match	match	true	true
text-0/a7/m2/n1/c3	match	match	true	true
text-0/a7/m3/n0/c0	match	match	true	true
text-0/a7/m3/n0/c1	match	match	true	true
text-0/a7/m3/n0/c2	match	match	true	true
text-0/a7/m3/n0/c3	match	match	true	true
text-0/a7/m3/n1/c0	match	match	true	true
text-0/a7/m3/n1/c1	match	match	true	true
text-0/a7/m3/n1/c2	match	match	true	true
text-0/a7/m3/n1/c3	match	match	true	true
text-10/a0/m0/n0/c0	match	match	true	true
text-10/a0/m0/n0/c1	match	match	true	true
text-10/a0/m0/n0/c2	match	match	true	true
text-10/a0/m0/n0/c3	match	match	true	true
text-10/a0/m0/n1/c0	match	match	true	true
text-10/a0/m0/n1/c1	match	match	true	true
text-10/a0/m0/n1/c2	match	match	true	true
text-10/a0/m0/n1/c3	match	match	true	true
text-10/a0/m1/n0/c0	match	match	true	true
text-10/a0/m1/n0/c1	match	match	true	true
text-10/a0/m1/n0/c2	match	match	true	true
text-10/a0/m1/n0/c3	match	match	true	true
text-10/a0/m1/n1/c0	match	match	true	true
text-10/a0/m1/n1/c1	match	match	true	true
text-10/a0/m1/n1/c2	match	match	true	true
text-10/a0/m1/n1/c3	match	match	true	true
text-10/a0/m2/n0/c0	match	match	true	true
text-10/a0/m2/n0/c1	match	match	true	true
text-10/a0/m2/n0/c2	match	match	true	true
text-10/a0/m2/n0/c3	match	match	true	true
text-10/a0/m2/n1/c0	match	match	true	true
text-10/a0/m2/n1/c1	match	match	true	true
text-10/a0/m2/n1/c2	match	match	true	true
text-10/a0/m2/n1/c3	match	match	true	true
text-10/a0/m3/n0/c0	match	match	true	true
text-10/a0/m3/n0/c1	match	match	true	true
text-10/a0/m3/n0/c2	match	match	true	true
text-10/a0/m3/n0/c3	match	match	true	true
text-10/a0/m3/n1/c0	match	match	true	true
text-10/a0/m3/n1/c1	match	match	true	true
text-10/a0/m3/n1/c2	match	match	true	true
text-10/a0/m3/n1/c3	match	match	true	true
text-10/a1/m0/n0/c0	match	match	true	true
text-10/a1/m0/n0/c1	match	match	true	true
text-10/a1/m0/n0/c2	match	match	true	true
text-10/a1/m0/n0/c3	match	match	true	true
text-10/a1/m0/n1/c0	match	match	true	true
text-10/a1/m0/n1/c1	match	match	true	true
text-10/a1/m0/n1/c2	match	match	true	true
text-10/a1/m0/n1/c3	match	match	true	true
text-10/a1/m1/n0/c0	match	match	true	true
text-10/a1/m1/n0/c1	match	match	true	true
text-10/a1/m1/n0/c2	match	match	true	true
text-10/a1/m1/n0/c3	match	match	true	true
text-10/a1/m1/n1/c0	match	match	true	true
text-10/a1/m1/n1/c1	match	match	true	true
text-10/a1/m1/n1/c2	match	match	true	true
text-10/a1/m1/n1/c3	match	match	true	true
text-10/a1/m2/n0/c0	match	match	true	true
text-10/a1/m2/n0/c1	match	match	true	true
text-10/a1/m2/n0/c2	match	match	true	true
text-10/a1/m2/n0/c3	match	match	true	true
text-10/a1/m2/n1/c0	match	match	true	true
text-10/a1/m2/n1/c1	match	match	true	true
text-10/a1/m2/n1/c2	match	match	true	true
text-10/a1/m2/n1/c3	match	match	true	true
text-10/a1/m3/n0/c0	match	match	true	true
text-10/a1/m3/n0/c1	match	match	true	true
text-10/a1/m3/n0/c2	match	match	true	true
text-10/a1/m3/n0/c3	match	match	true	true
text-10/a1/m3/n1/c0	match	match	true	true
text-10/a1/m3/n1/c1	match	match	true	true
text-10/a1/m3/n1/c2	match	match	true	true
text-10/a1/m3/n1/c3	match	match	true	true
text-10/a2/m0/n0/c0	match	match	true	true
text-10/a2/m0/n0/c1	match	match	true	true
text-10/a2/m0/n0/c2	match	match	true	true
text-10/a2/m0/n0/c3	match	match	true	true
text-10/a2/m0/n1/c0	match	match	true	true
text-10/a2/m0/n1/c1	match	match	true	true
text-10/a2/m0/n1/c2	match	match	true	true
text-10/a2/m0/n1/c3	match	match	true	true
text-10/a2/m1/n0/c0	match	match	true	true
text-10/a2/m1/n0/c1	match	match	true	true
text-10/a2/m1/n0/c2	match	match	true	true
text-10/a2/m1/n0/c3	match	match	true	true
text-10/a2/m1/n1/c0	match	match	true	true
text-10/a2/m1/n1/c1	match	match	true	true
text-10/a2/m1/n1/c2	match	match	true	true
text-10/a2/m1/n1/c3	match	match	true	true
text-10/a2/m2/n0/c0	match	match	true	true
text-10/a2/m2/n0/c1	match	match	true	true
text-10/a2/m2/n0/c2	match	match	true	true
text-10/a2/m2/n0/c3	match	match	true	true
text-10/a2/m2/n1/c0	match	match	true	true
text-10/a2/m2/n1/c1	match	match	true	true
text-10/a2/m2/n1/c2	match	match	true	true
text-10/a2/m2/n1/c3	match	match	true	true
text-10/a2/m3/n0/c0	match	match	true	true
text-10/a2/m3/n0/c1	match	match	true	true
text-10/a2/m3/n0/c2	match	match	true	true
text-10/a2/m3/n0/c3	match	match	true	true
text-10/a2/m3/n1/c0	match	match	true	true
text-10/a2/m3/n1/c1	match	match	true	true
text-10/a2/m3/n1/c2	match	match	true	true
text-10/a2/m3/n1/c3	match	match	true	true
text-10/a3/m0/n0/c0	match	match	true	true
text-10/a3/m0/n0/c1	match	match	true	true
text-10/a3/m0/n0/c2	match	match	true	true
text-10/a3/m0/n0/c3	match	match	true	true
text-10/a3/m0/n1/c0	match	match	true	true
text-10/a3/m0/n1/c1	match	match	true	true
text-10/a3/m0/n1/c2	match	match	true	true
text-10/a3/m0/n1/c3	match	match	true	true
text-10/a3/m1/n0/c0	match	match	true	true
text-10/a3/m1/n0/c1	match	match	true	true
text-10/a3/m1/n0/c2	match	match	true	true
text-10/a3/m1/n0/c3	match	match	true	true
text-10/a3/m1/n1/c0	match	match	true	true
text-10/a3/m1/n1/c1	match	match	true	true
text-10/a3/m1/n1/c2	match	match	true	true
text-10/a3/m1/n1/c3	match	match	true	true
text-10/a3/m2/n0/c0	match	match	true	true
text-10/a3/m2/n0/c1	match	match	true	true
text-10/a3/m2/n0/c2	match	match	true	true
text-10/a3/m2/n0/c3	match	match	true	true
text-10/a3/m2/n1/c0	match	match	true	true
text-10/a3/m2/n1/c1	match	match	true	true
text-10/a3/m2/n1/c2	match	match	true	true
text-10/a3/m2/n1/c3	match	match	true	true
text-10/a3/m3/n0/c0	match	match	true	true
text-10/a3/m3/n0/c1	match	match	true	true
text-10/a3/m3/n0/c2	match	match	true	true
text-10/a3/m3/n0/c3	match	match	true	true
text-10/a3/m3/n1/c0	match	match	true	true
text-10/a3/m3/n1/c1	match	match	true	true
text-10/a3/m3/n1/c2	match	match	true	true
text-10/a3/m3/n1/c3	match	match	true	true
text-10/a4/m0/n0/c0	match	match	true	true
text-10/a4/m0/n0/c1	match	match	true	true
text-10/a4/m0/n0/c2	match	match	true	true
text-10/a4/m0/n0/c3	match	match	true	true
text-10/a4/m0/n1/c0	match	match	true	true
text-10/a4/m0/n1/c1	match	match	true	true
text-10/a4/m0/n1/c2	match	match	true	true
text-10/a4/m0/n1/c3	match	match	true	true
text-10/a4/m1/n0/c0	match	match	true	true
text-10/a4/m1/n0/c1	match	match	true	true
text-10/a4/m1/n0/c2	match	match	true	true
text-10/a4/m1/n0/c3	match	match	true	true
text-10/a4/m1/n1/c0	match	match	true	true
text-10/a4/m1/n1/c1	match	match	true	true
text-10/a4/m1/n1/c2	match	match	true	true
text-10/a4/m1/n1/c3	match	match	true	true
text-10/a4/m2/n0/c0	match	match	true	true
text-10/a4/m2/n0/c1	match	match	true	true
text-10/a4/m2/n0/c2	match	match	true	true
text-10/a4/m2/n0/c3	match	match	true	true
text-10/a4/m2/n1/c0	match	match	true	true
text-10/a4/m2/n1/c1	match	match	true	true
text-10/a4/m2/n1/c2	match	match	true	true
text-10/a4/m2/n1/c3	match	match	true	true
text-10/a4/m3/n0/c0	match	match	true	true
text-10/a4/m3/n0/c1	match	match	true	true
text-10/a4/m3/n0/c2	match	match	true	true
text-10/a4/m3/n0/c3	match	match	true	true
text-10/a4/m3/n1/c0	match	match	true	true
text-10/a4/m3/n1/c1	match	match	true	true
text-10/a4/m3/n1/c2	match	match	true	true
text-10/a4/m3/n1/c3	match	match	true	true
text-10/a5/m0/n0/c0	match	match	true	true
text-10/a5/m0/n0/c1	match	match	true	true
text-10/a5/m0/n0/c2	match	match	true	true
text-10/a5/m0/n0/c3	match	match	true	true
text-10/a5/m0/n1/c0	match	match	true	true
text-10/a5/m0/n1/c1	match	match	true	true
text-10/a5/m0/n1/c2	match	match	true	true
text-10/a5/m0/n1/c3	match	match	true	true
text-10/a5/m1/n0/c0	match	match	true	true
text-10/a5/m1/n0/c1	match	match	true	true
text-10/a5/m1/n0/c2	match	match	true	true
text-10/a5/m1/n0/c3	match	match	true	true
text-10/a5/m1/n1/c0	match	match	true	true
text-10/a5/m1/n1/c1	match	match	true	true
text-10/a5/m1/n1/c2	match	match	true	true
text-10/a5/m1/n1/c3	match	match	true	true
text-10/a5/m2/n0/c0	match	match	true	true
text-10/a5/m2/n0/c1	match	match	true	true
text-10/a5/m2/n0/c2	match	match	true	true
text-10/a5/m2/n0/c3	match	match	true	true
text-10/a5/m2/n1/c0	match	match	true	true
text-10/a5/m2/n1/c1	match	match	true	true
text-10/a5/m2/n1/c2	match	match	true	true
text-10/a5/m2/n1/c3	match	match	true	true
text-10/a5/m3/n0/c0	match	match	true	true
text-10/a5/m3/n0/c1	match	match	true	true
text-10/a5/m3/n0/c2	match	match	true	true
text-10/a5/m3/n0/c3	match	match	true	true
text-10/a5/m3/n1/c0	match	match	true	true
text-10/a5/m3/n1/c1	match	match	true	true
text-10/a5/m3/n1/c2	match	match	true	true
text-10/a5/m3/n1/c3	match	match	true	true
text-10/a6/m0/n0/c0	match	match	true	true
text-10/a6/m0/n0/c1	match	match	true	true
text-10/a6/m0/n0/c2	match	match	true	true
text-10/a6/m0/n0/c3	match	match	true	true
text-10/a6/m0/n1/c0	match	match	true	true
text-10/a6/m0/n1/c1	match	match	true	true
text-10/a6/m0/n1/c2	match	match	true	true
text-10/a6/m0/n1/c3	match	match	true	true
text-10/a6/m1/n0/c0	match	match	true	true
text-10/a6/m1/n0/c1	match	match	true	true
text-10/a6/m1/n0/c2	match	match	true	true
text-10/a6/m1/n0/c3	match	match	true	true
text-10/a6/m1/n1/c0	match	match	true	true
text-10/a6/m1/n1/c1	match	match	true	true
text-10/a6/m1/n1/c2	match	match	true	true
text-10/a6/m1/n1/c3	match	match	true	true
text-10/a6/m2/n0/c0	match	match	true	true
text-10/a6/m2/n0/c1	match	match	true	true
text-10/a6/m2/n0/c2	match	match	true	true
text-10/a6/m2/n0/c3	match	match	true	true
text-10/a6/m2/n1/c0	match	match	true	true
text-10/a6/m2/n1/c1	match	match	true	true
text-10/a6/m2/n1/c2	match	match	true	true
text-10/a6/m2/n1/c3	match	match	true	true
text-10/a6/m3/n0/c0	match	match	true	true
text-10/a6/m3/n0/c1	match	match	true	true
text-10/a6/m3/n0/c2	match	match	true	true
text-10/a6/m3/n0/c3	match	match	true	true
text-10/a6/m3/n1/c0	match	match	true	true
text-10/a6/m3/n1/c1	match	match	true	true
text-10/a6/m3/n1/c2	match	match	true	true
text-10/a6/m3/n1/c3	match	match	true	true
text-10/a7/m0/n0/c0	match	match	true	true
text-10/a7/m0/n0/c1	match	match	true	true
text-10/a7/m0/n0/c2	match	match	true	true
text-10/a7/m0/n0/c3	match	match	true	true
text-10/a7/m0/n1/c0	match	match	true	true
text-10/a7/m0/n1/c1	match	match	true	true
text-10/a7/m0/n1/c2	match	match	true	true
text-10/a7/m0/n1/c3	match	match	true	true
text-10/a7/m1/n0/c0	match	match	true	true
text-10/a7/m1/n0/c1	match	match	true	true
text-10/a7/m1/n0/c2	match	match	true	true
text-10/a7/m1/n0/c3	match	match	true	true
text-10/a7/m1/n1/c0	match	match	true	true
text-10/a7/m1/n1/c1	match	match	true	true
text-10/a7/m1/n1/c2	match	match	true	true
text-10/a7/m1/n1/c3	match	match	true	true
text-10/a7/m2/n0/c0	match	match	true	true
text-10/a7/m2/n0/c1	match	match	true	true
text-10/a7/m2/n0/c2	match	match	true	true
text-10/a7/m2/n0/c3	match	match	true	true
text-10/a7/m2/n1/c0	match	match	true	true
text-10/a7/m2/n1/c1	match	match	true	true
text-10/a7/m2/n1/c2	match	match	true	true
text-10/a7/m2/n1/c3	match	match	true	true
text-10/a7/m3/n0/c0	match	match	true	true
text-10/a7/m3/n0/c1	match	match	true	true
text-10/a7/m3/n0/c2	match	match	true	true
text-10/a7/m3/n0/c3	match	match	true	true
text-10/a7/m3/n1/c0	match	match	true	true
text-10/a7/m3/n1/c1	match	match	true	true
text-10/a7/m3/n1/c2	match	match	true	true
text-10/a7/m3/n1/c3	match	match	true	true
text-20/a0/m0/n0/c0	match	match	true	true
text-20/a0/m0/n0/c1	match	match	true	true
text-20/a0/m0/n0/c2	match	match	true	true
text-20/a0/m0/n0/c3	match	match	true	true
text-20/a0/m0/n1/c0	match	match	true	true
text-20/a0/m0/n1/c1	match	match	true	true
text-20/a0/m0/n1/c2	match	match	true	true
text-20/a0/m0/n1/c3	match	match	true	true
text-20/a0/m1/n0/c0	match	match	true	true
text-20/a0/m1/n0/c1	match	match	true	true
text-20/a0/m1/n0/c2	match	match	true	true
text-20/a0/m1/n0/c3	match	match	true	true
text-20/a0/m1/n1/c0	match	match	true	true
text-20/a0/m1/n1/c1	match	match	true	true
text-20/a0/m1/n1/c2	match	match	true	true
text-20/a0/m1/n1/c3	match	match	true	true
text-20/a0/m2/n0/c0	match	match	true	true
text-20/a0/m2/n0/c1	match	match	true	true
text-20/a0/m2/n0/c2	match	match	true	true
text-20/a0/m2/n0/c3	match	match	true	true
text-20/a0/m2/n1/c0	match	match	true	true
text-20/a0/m2/n1/c1	match	match	true	true
text-20/a0/m2/n1/c2	match	match	true	true
text-20/a0/m2/n1/c3	match	match	true	true
text-20/a0/m3/n0/c0	match	match	true	true
text-20/a0/m3/n0/c1	match	match	true	true
text-20/a0/m3/n0/c2	match	match	true	true
text-20/a0/m3/n0/c3	match	match	true	true
text-20/a0/m3/n1/c0	match	match	true	true
text-20/a0/m3/n1/c1	match	match	true	true
text-20/a0/m3/n1/c2	match	match	true	true
text-20/a0/m3/n1/c3	match	match	true	true
text-20/a1/m0/n0/c0	match	match	true	true
text-20/a1/m0/n0/c1	match	match	true	true
text-20/a1/m0/n0/c2	match	match	true	true
text-20/a1/m0/n0/c3	match	match	true	true
text-20/a1/m0/n1/c0	match	match	true	true
text-20/a1/m0/n1/c1	match	match	true	true
text-20/a1/m0/n1/c2	match	match	true	true
text-20/a1/m0/n1/c3	match	match	true	true
text-20/a1/m1/n0/c0	match	match	true	true
text-20/a1/m1/n0/c1	match	match	true	true
text-20/a1/m1/n0/c2	match	match	true	true
text-20/a1/m1/n0/c3	match	match	true	true
text-20/a1/m1/n1/c0	match	match	true	true
text-20/a1/m1/n1/c1	match	match	true	true
text-20/a1/m1/n1/c2	match	match	true	true
text-20/a1/m1/n1/c3	match	match	true	true
text-20/a1/m2/n0/c0	match	match	true	true
text-20/a1/m2/n0/c1	match	match	true	true
text-20/a1/m2/n0/c2	match	match	true	true
text-20/a1/m2/n0/c3	match	match	true	true
text-20/a1/m2/n1/c0	match	match	true	true
text-20/a1/m2/n1/c1	match	match	true	true
text-20/a1/m2/n1/c2	match	match	true	true
text-20/a1/m2/n1/c3	match	match	true	true
text-20/a1/m3/n0/c0	match	match	true	true
text-20/a1/m3/n0/c1	match	match	true	true
text-20/a1/m3/n0/c2	match	match	true	true
text-20/a1/m3/n0/c3	match	match	true	true
text-20/a1/m3/n1/c0	match	match	true	true
text-20/a1/m3/n1/c1	match	match	true	true
text-20/a1/m3/n1/c2	match	match	true	true
text-20/a1/m3/n1/c3	match	match	true	true
text-20/a2/m0/n0/c0	match	match	true	true
text-20/a2/m0/n0/c1	match	match	true	true
text-20/a2/m0/n0/c2	match	match	true	true
text-20/a2/m0/n0/c3	match	match	true	true
text-20/a2/m0/n1/c0	match	match	true	true
text-20/a2/m0/n1/c1	match	match	true	true
text-20/a2/m0/n1/c2	match	match	true	true
text-20/a2/m0/n1/c3	match	match	true	true
text-20/a2/m1/n0/c0	match	match	true	true
text-20/a2/m1/n0/c1	match	match	true	true
text-20/a2/m1/n0/c2	match	match	true	true
text-20/a2/m1/n0/c3	match	match	true	true
text-20/a2/m1/n1/c0	match	match	true	true
text-20/a2/m1/n1/c1	match	match	true	true
text-20/a2/m1/n1/c2	match	match	true	true
text-20/a2/m1/n1/c3	match	match	true	true
text-20/a2/m2/n0/c0	match	match	true	true
text-20/a2/m2/n0/c1	match	match	true	true
text-20/a2/m2/n0/c2	match	match	true	true
text-20/a2/m2/n0/c3	match	match	true	true
text-20/a2/m2/n1/c0	match	match	true	true
text-20/a2/m2/n1/c1	match	match	true	true
text-20/a2/m2/n1/c2	match	match	true	true
text-20/a2/m2/n1/c3	match	match	true	true
text-20/a2/m3/n0/c0	match	match	true	true
text-20/a2/m3/n0/c1	match	match	true	true
text-20/a2/m3/n0/c2	match	match	true	true
text-20/a2/m3/n0/c3	match	match	true	true
text-20/a2/m3/n1/c0	match	match	true	true
text-20/a2/m3/n1/c1	match	match	true	true
text-20/a2/m3/n1/c2	match	match	true	true
text-20/a2/m3/n1/c3	match	match	true	true
text-20/a3/m0/n0/c0	match	match	true	true
text-20/a3/m0/n0/c1	match	match	true	true
text-20/a3/m0/n0/c2	match	match	true	true
text-20/a3/m0/n0/c3	match	match	true	true
text-20/a3/m0/n1/c0	match	match	true	true
text-20/a3/m0/n1/c1	match	match	true	true
text-20/a3/m0/n1/c2	match	match	true	true
text-20/a3/m0/n1/c3	match	match	true	true
text-20/a3/m1/n0/c0	match	match	true	true
text-20/a3/m1/n0/c1	match	match	true	true
text-20/a3/m1/n0/c2	match	match	true	true
text-20/a3/m1/n0/c3	match	match	true	true
text-20/a3/m1/n1/c0	match	match	true	true
text-20/a3/m1/n1/c1	match	match	true	true
text-20/a3/m1/n1/c2	match	match	true	true
text-20/a3/m1/n1/c3	match	match	true	true
text-20/a3/m2/n0/c0	match	match	true	true
text-20/a3/m2/n0/c1	match	match	true	true
text-20/a3/m2/n0/c2	match	match	true	true
text-20/a3/m2/n0/c3	match	match	true	true
text-20/a3/m2/n1/c0	match	match	true	true
text-20/a3/m2/n1/c1	match	match	true	true
text-20/a3/m2/n1/c2	match	match	true	true
text-20/a3/m2/n1/c3	match	match	true	true
text-20/a3/m3/n0/c0	match	match	true	true
text-20/a3/m3/n0/c1	match	match	true	true
text-20/a3/m3/n0/c2	match	match	true	true
text-20/a3/m3/n0/c3	match	match	true	true
text-20/a3/m3/n1/c0	match	match	true	true
text-20/a3/m3/n1/c1	match	match	true	true
text-20/a3/m3/n1/c2	match	match	true	true
text-20/a3/m3/n1/c3	match	match	true	true
text-20/a4/m0/n0/c0	match	match	true	true
text-20/a4/m0/n0/c1	match	match	true	true
text-20/a4/m0/n0/c2	match	match	true	true
text-20/a4/m0/n0/c3	match	match	true	true
text-20/a4/m0/n1/c0	match	match	true	true
text-20/a4/m0/n1/c1	match	match	true	true
text-20/a4/m0/n1/c2	match	match	true	true
text-20/a4/m0/n1/c3	match	match	true	true
text-20/a4/m1/n0/c0	match	match	true	true
text-20/a4/m1/n0/c1	match	match	true	true
text-20/a4/m1/n0/c2	match	match	true	true
text-20/a4/m1/n0/c3	match	match	true	true
text-20/a4/m1/n1/c0	match	match	true	true
text-20/a4/m1/n1/c1	match	match	true	true
text-20/a4/m1/n1/c2	match	match	true	true
text-20/a4/m1/n1/c3	match	match	true	true
text-20/a4/m2/n0/c0	match	match	true	true
text-20/a4/m2/n0/c1	match	match	true	true
text-20/a4/m2/n0/c2	match	match	true	true
text-20/a4/m2/n0/c3	match	match	true	true
text-20/a4/m2/n1/c0	match	match	true	true
text-20/a4/m2/n1/c1	match	match	true	true
text-20/a4/m2/n1/c2	match	match	true	true
text-20/a4/m2/n1/c3	match	match	true	true
text-20/a4/m3/n0/c0	match	match	true	true
text-20/a4/m3/n0/c1	match	match	true	true
text-20/a4/m3/n0/c2	match	match	true	true
text-20/a4/m3/n0/c3	match	match	true	true
text-20/a4/m3/n1/c0	match	match	true	true
text-20/a4/m3/n1/c1	match	match	true	true
text-20/a4/m3/n1/c2	match	match	true	true
text-20/a4/m3/n1/c3	match	match	true	true
text-20/a5/m0/n0/c0	match	match	true	true
text-20/a5/m0/n0/c1	match	match	true	true
text-20/a5/m0/n0/c2	match	match	true	true
text-20/a5/m0/n0/c3	match	match	true	true
text-20/a5/m0/n1/c0	match	match	true	true
text-20/a5/m0/n1/c1	match	match	true	true
text-20/a5/m0/n1/c2	match	match	true	true
text-20/a5/m0/n1/c3	match	match	true	true
text-20/a5/m1/n0/c0	match	match	true	true
text-20/a5/m1/n0/c1	match	match	true	true
text-20/a5/m1/n0/c2	match	match	true	true
text-20/a5/m1/n0/c3	match	match	true	true
text-20/a5/m1/n1/c0	match	match	true	true
text-20/a5/m1/n1/c1	match	match	true	true
text-20/a5/m1/n1/c2	match	match	true	true
text-20/a5/m1/n1/c3	match	match	true	true
text-20/a5/m2/n0/c0	match	match	true	true
text-20/a5/m2/n0/c1	match	match	true	true
text-20/a5/m2/n0/c2	match	match	true	true
text-20/a5/m2/n0/c3	match	match	true	true
text-20/a5/m2/n1/c0	match	match	true	true
text-20/a5/m2/n1/c1	match	match	true	true
text-20/a5/m2/n1/c2	match	match	true	true
text-20/a5/m2/n1/c3	match	match	true	true
text-20/a5/m3/n0/c0	match	match	true	true
text-20/a5/m3/n0/c1	match	match	true	true
text-20/a5/m3/n0/c2	match	match	true	true
text-20/a5/m3/n0/c3	match	match	true	true
text-20/a5/m3/n1/c0	match	match	true	true
text-20/a5/m3/n1/c1	match	match	true	true
text-20/a5/m3/n1/c2	match	match	true	true
text-20/a5/m3/n1/c3	match	match	true	true
text-20/a6/m0/n0/c0	match	match	true	true
text-20/a6/m0/n0/c1	match	match	true	true
text-20/a6/m0/n0/c2	match	match	true	true
text-20/a6/m0/n0/c3	match	match	true	true
text-20/a6/m0/n1/c0	match	match	true	true
text-20/a6/m0/n1/c1	match	match	true	true
text-20/a6/m0/n1/c2	match	match	true	true
text-20/a6/m0/n1/c3	match	match	true	true
text-20/a6/m1/n0/c0	match	match	true	true
text-20/a6/m1/n0/c1	match	match	true	true
text-20/a6/m1/n0/c2	match	match	true	true
text-20/a6/m1/n0/c3	match	match	true	true
text-20/a6/m1/n1/c0	match	match	true	true
text-20/a6/m1/n1/c1	match	match	true	true
text-20/a6/m1/n1/c2	match	match	true	true
text-20/a6/m1/n1/c3	match	match	true	true
text-20/a6/m2/n0/c0	match	match	true	true
text-20/a6/m2/n0/c1	match	match	true	true
text-20/a6/m2/n0/c2	match	match	true	true
text-20/a6/m2/n0/c3	match	match	true	true
text-20/a6/m2/n1/c0	match	match	true	true
text-20/a6/m2/n1/c1	match	match	true	true
text-20/a6/m2/n1/c2	match	match	true	true
text-20/a6/m2/n1/c3	match	match	true	true
text-20/a6/m3/n0/c0	match	match	true	true
text-20/a6/m3/n0/c1	match	match	true	true
text-20/a6/m3/n0/c2	match	match	true	true
text-20/a6/m3/n0/c3	match	match	true	true
text-20/a6/m3/n1/c0	match	match	true	true
text-20/a6/m3/n1/c1	match	match	true	true
text-20/a6/m3/n1/c2	match	match	true	true
text-20/a6/m3/n1/c3	match	match	true	true
text-20/a7/m0/n0/c0	match	match	true	true
text-20/a7/m0/n0/c1	match	match	true	true
text-20/a7/m0/n0/c2	match	match	true	true
text-20/a7/m0/n0/c3	match	match	true	true
text-20/a7/m0/n1/c0	match	match	true	true
text-20/a7/m0/n1/c1	match	match	true	true
text-20/a7/m0/n1/c2	match	match	true	true
text-20/a7/m0/n1/c3	match	match	true	true
text-20/a7/m1/n0/c0	match	match	true	true
text-20/a7/m1/n0/c1	match	match	true	true
text-20/a7/m1/n0/c2	match	match	true	true
text-20/a7/m1/n0/c3	match	match	true	true
text-20/a7/m1/n1/c0	match	match	true	true
text-20/a7/m1/n1/c1	match	match	true	true
text-20/a7/m1/n1/c2	match	match	true	true
text-20/a7/m1/n1/c3	match	match	true	true
text-20/a7/m2/n0/c0	match	match	true	true
text-20/a7/m2/n0/c1	match	match	true	true
text-20/a7/m2/n0/c2	match	match	true	true
text-20/a7/m2/n0/c3	match	match	true	true
text-20/a7/m2/n1/c0	match	match	true	true
text-20/a7/m2/n1/c1	match	match	true	true
text-20/a7/m2/n1/c2	match	match	true	true
text-20/a7/m2/n1/c3	match	match	true	true
text-20/a7/m3/n0/c0	match	match	true	true
text-20/a7/m3/n0/c1	match	match	true	true
text-20/a7/m3/n0/c2	match	match	true	true
text-20/a7/m3/n0/c3	match	match	true	true
text-20/a7/m3/n1/c0	match	match	true	true
text-20/a7/m3/n1/c1	match	match	true	true
text-20/a7/m3/n1/c2	match	match	true	true
text-20/a7/m3/n1/c3	match	match	true	true
text-30/a0/m0/n0/c0	match	match	true	true
text-30/a0/m0/n0/c1	match	match	true	true
text-30/a0/m0/n0/c2	match	match	true	true
text-30/a0/m0/n0/c3	match	match	true	true
text-30/a0/m0/n1/c0	match	match	true	true
text-30/a0/m0/n1/c1	match	match	true	true
text-30/a0/m0/n1/c2	match	match	true	true
text-30/a0/m0/n1/c3	match	match	true	true
text-30/a0/m1/n0/c0	match	match	true	true
text-30/a0/m1/n0/c1	match	match	true	true
text-30/a0/m1/n0/c2	match	match	true	true
text-30/a0/m1/n0/c3	match	match	true	true
text-30/a0/m1/n1/c0	match	match	true	true
text-30/a0/m1/n1/c1	match	match	true	true
text-30/a0/m1/n1/c2	match	match	true	true
text-30/a0/m1/n1/c3	match	match	true	true
text-30/a0/m2/n0/c0	match	match	true	true
text-30/a0/m2/n0/c1	match	match	true	true
text-30/a0/m2/n0/c2	match	match	true	true
text-30/a0/m2/n0/c3	match	match	true	true
text-30/a0/m2/n1/c0	match	match	true	true
text-30/a0/m2/n1/c1	match	match	true	true
text-30/a0/m2/n1/c2	match	match	true	true
text-30/a0/m2/n1/c3	match	match	true	true
text-30/a0/m3/n0/c0	match	match	true	true
text-30/a0/m3/n0/c1	match	match	true	true
text-30/a0/m3/n0/c2	match	match	true	true
text-30/a0/m3/n0/c3	match	match	true	true
text-30/a0/m3/n1/c0	match	match	true	true
text-30/a0/m3/n1/c1	match	match	true	true
text-30/a0/m3/n1/c2	match	match	true	true
text-30/a0/m3/n1/c3	match	match	true	true
text-30/a1/m0/n0/c0	match	match	true	true
text-30/a1/m0/n0/c1	match	match	true	true
text-30/a1/m0/n0/c2	match	match	true	true
text-30/a1/m0/n0/c3	match	match	true	true
text-30/a1/m0/n1/c0	match	match	true	true
text-30/a1/m0/n1/c1	match	match	true	true
text-30/a1/m0/n1/c2	match	match	true	true
text-30/a1/m0/n1/c3	match	match	true	true
text-30/a1/m1/n0/c0	match	match	true	true
text-30/a1/m1/n0/c1	match	match	true	true
text-30/a1/m1/n0/c2	match	match	true	true
text-30/a1/m1/n0/c3	match	match	true	true
text-30/a1/m1/n1/c0	match	match	true	true
text-30/a1/m1/n1/c1	match	match	true	true
text-30/a1/m1/n1/c2	match	match	true	true
text-30/a1/m1/n1/c3	match	match	true	true
text-30/a1/m2/n0/c0	match	match	true	true
text-30/a1/m2/n0/c1	match	match	true	true
text-30/a1/m2/n0/c2	match	match	true	true
text-30/a1/m2/n0/c3	match	match	true	true
text-30/a1/m2/n1/c0	match	match	true	true
text-30/a1/m2/n1/c1	match	match	true	true
text-30/a1/m2/n1/c2	match	match	true	true
text-30/a1/m2/n1/c3	match	match	true	true
text-30/a1/m3/n0/c0	match	match	true	true
text-30/a1/m3/n0/c1	match	match	true	true
text-30/a1/m3/n0/c2	match	match	true	true
text-30/a1/m3/n0/c3	match	match	true	true
text-30/a1/m3/n1/c0	match	match	true	true
text-30/a1/m3/n1/c1	match	match	true	true
text-30/a1/m3/n1/c2	match	match	true	true
text-30/a1/m3/n1/c3	match	match	true	true
text-30/a2/m0/n0/c0	match	match	true	true
text-30/a2/m0/n0/c1	match	match	true	true
text-30/a2/m0/n0/c2	match	match	true	true
text-30/a2/m0/n0/c3	match	match	true	true
text-30/a2/m0/n1/c0	match	match	true	true
text-30/a2/m0/n1/c1	match	match	true	true
text-30/a2/m0/n1/c2	match	match	true	true
text-30/a2/m0/n1/c3	match	match	true	true
text-30/a2/m1/n0/c0	match	match	true	true
text-30/a2/m1/n0/c1	match	match	true	true
text-30/a2/m1/n0/c2	match	match	true	true
text-30/a2/m1/n0/c3	match	match	true	true
text-30/a2/m1/n1/c0	match	match	true	true
text-30/a2/m1/n1/c1	match	match	true	true
text-30/a2/m1/n1/c2	match	match	true	true
text-30/a2/m1/n1/c3	match	match	true	true
text-30/a2/m2/n0/c0	match	match	true	true
text-30/a2/m2/n0/c1	match	match	true	true
text-30/a2/m2/n0/c2	match	match	true	true
text-30/a2/m2/n0/c3	match	match	true	true
text-30/a2/m2/n1/c0	match	match	true	true
text-30/a2/m2/n1/c1	match	match	true	true
text-30/a2/m2/n1/c2	match	match	true	true
text-30/a2/m2/n1/c3	match	match	true	true
text-30/a2/m3/n0/c0	match	match	true	true
text-30/a2/m3/n0/c1	match	match	true	true
text-30/a2/m3/n0/c2	match	match	true	true
text-30/a2/m3/n0/c3	match	match	true	true
text-30/a2/m3/n1/c0	match	match	true	true
text-30/a2/m3/n1/c1	match	match	true	true
text-30/a2/m3/n1/c2	match	match	true	true
text-30/a2/m3/n1/c3	match	match	true	true
text-30/a3/m0/n0/c0	match	match	true	true
text-30/a3/m0/n0/c1	match	match	true	true
text-30/a3/m0/n0/c2	match	match	true	true
text-30/a3/m0/n0/c3	match	match	true	true
text-30/a3/m0/n1/c0	match	match	true	true
text-30/a3/m0/n1/c1	match	match	true	true
text-30/a3/m0/n1/c2	match	match	true	true
text-30/a3/m0/n1/c3	match	match	true	true
text-30/a3/m1/n0/c0	match	match	true	true
text-30/a3/m1/n0/c1	match	match	true	true
text-30/a3/m1/n0/c2	match	match	true	true
text-30/a3/m1/n0/c3	match	match	true	true
text-30/a3/m1/n1/c0	match	match	true	true
text-30/a3/m1/n1/c1	match	match	true	true
text-30/a3/m1/n1/c2	match	match	true	true
text-30/a3/m1/n1/c3	match	match	true	true
text-30/a3/m2/n0/c0	match	match	true	true
text-30/a3/m2/n0/c1	match	match	true	true
text-30/a3/m2/n0/c2	match	match	true	true
text-30/a3/m2/n0/c3	match	match	true	true
text-30/a3/m2/n1/c0	match	match	true	true
text-30/a3/m2/n1/c1	match	match	true	true
text-30/a3/m2/n1/c2	match	match	true	true
text-30/a3/m2/n1/c3	match	match	true	true
text-30/a3/m3/n0/c0	match	match	true	true
text-30/a3/m3/n0/c1	match	match	true	true
text-30/a3/m3/n0/c2	match	match	true	true
text-30/a3/m3/n0/c3	match	match	true	true
text-30/a3/m3/n1/c0	match	match	true	true
text-30/a3/m3/n1/c1	match	match	true	true
text-30/a3/m3/n1/c2	match	match	true	true
text-30/a3/m3/n1/c3	match	match	true	true
text-30/a4/m0/n0/c0	match	match	true	true
text-30/a4/m0/n0/c1	match	match	true	true
text-30/a4/m0/n0/c2	match	match	true	true
text-30/a4/m0/n0/c3	match	match	true	true
text-30/a4/m0/n1/c0	match	match	true	true
text-30/a4/m0/n1/c1	match	match	true	true
text-30/a4/m0/n1/c2	match	match	true	true
text-30/a4/m0/n1/c3	match	match	true	true
text-30/a4/m1/n0/c0	match	match	true	true
text-30/a4/m1/n0/c1	match	match	true	true
text-30/a4/m1/n0/c2	match	match	true	true
text-30/a4/m1/n0/c3	match	match	true	true
text-30/a4/m1/n1/c0	match	match	true	true
text-30/a4/m1/n1/c1	match	match	true	true
text-30/a4/m1/n1/c2	match	match	true	true
text-30/a4/m1/n1/c3	match	match	true	true
text-30/a4/m2/n0/c0	match	match	true	true
text-30/a4/m2/n0/c1	match	match	true	true
text-30/a4/m2/n0/c2	match	match	true	true
text-30/a4/m2/n0/c3	match	match	true	true
text-30/a4/m2/n1/c0	match	match	true	true
text-30/a4/m2/n1/c1	match	match	true	true
text-30/a4/m2/n1/c2	match	match	true	true
text-30/a4/m2/n1/c3	match	match	true	true
text-30/a4/m3/n0/c0	match	match	true	true
text-30/a4/m3/n0/c1	match	match	true	true
text-30/a4/m3/n0/c2	match	match	true	true
text-30/a4/m3/n0/c3	match	match	true	true
text-30/a4/m3/n1/c0	match	match	true	true
text-30/a4/m3/n1/c1	match	match	true	true
text-30/a4/m3/n1/c2	match	match	true	true
text-30/a4/m3/n1/c3	match	match	true	true
text-30/a5/m0/n0/c0	match	match	true	true
text-30/a5/m0/n0/c1	match	match	true	true
text-30/a5/m0/n0/c2	match	match	true	true
text-30/a5/m0/n0/c3	match	match	true	true
text-30/a5/m0/n1/c0	match	match	true	true
text-30/a5/m0/n1/c1	match	match	true	true
text-30/a5/m0/n1/c2	match	match	true	true
text-30/a5/m0/n1/c3	match	match	true	true
text-30/a5/m1/n0/c0	match	match	true	true
text-30/a5/m1/n0/c1	match	match	true	true
text-30/a5/m1/n0/c2	match	match	true	true
text-30/a5/m1/n0/c3	match	match	true	true
text-30/a5/m1/n1/c0	match	match	true	true
text-30/a5/m1/n1/c1	match	match	true	true
text-30/a5/m1/n1/c2	match	match	true	true
text-30/a5/m1/n1/c3	match	match	true	true
text-30/a5/m2/n0/c0	match	match	true	true
text-30/a5/m2/n0/c1	match	match	true	true
text-30/a5/m2/n0/c2	match	match	true	true
text-30/a5/m2/n0/c3	match	match	true	true
text-30/a5/m2/n1/c0	match	match	true	true
text-30/a5/m2/n1/c1	match	match	true	true
text-30/a5/m2/n1/c2	match	match	true	true
text-30/a5/m2/n1/c3	match	match	true	true
text-30/a5/m3/n0/c0	match	match	true	true
text-30/a5/m3/n0/c1	match	match	true	true
text-30/a5/m3/n0/c2	match	match	true	true
text-30/a5/m3/n0/c3	match	match	true	true
text-30/a5/m3/n1/c0	match	match	true	true
text-30/a5/m3/n1/c1	match	match	true	true
text-30/a5/m3/n1/c2	match	match	true	true
text-30/a5/m3/n1/c3	match	match	true	true
text-30/a6/m0/n0/c0	match	match	true	true
text-30/a6/m0/n0/c1	match	match	true	true
text-30/a6/m0/n0/c2	match	match	true	true
text-30/a6/m0/n0/c3	match	match	true	true
text-30/a6/m0/n1/c0	match	match	true	true
text-30/a6/m0/n1/c1	match	match	true	true
text-30/a6/m0/n1/c2	match	match	true	true
text-30/a6/m0/n1/c3	match	match	true	true
text-30/a6/m1/n0/c0	match	match	true	true
text-30/a6/m1/n0/c1	match	match	true	true
text-30/a6/m1/n0/c2	match	match	true	true
text-30/a6/m1/n0/c3	match	match	true	true
text-30/a6/m1/n1/c0	match	match	true	true
text-30/a6/m1/n1/c1	match	match	true	true
text-30/a6/m1/n1/c2	match	match	true	true
text-30/a6/m1/n1/c3	match	match	true	true
text-30/a6/m2/n0/c0	match	match	true	true
text-30/a6/m2/n0/c1	match	match	true	true
text-30/a6/m2/n0/c2	match	match	true	true
text-30/a6/m2/n0/c3	match	match	true	true
text-30/a6/m2/n1/c0	match	match	true	true
text-30/a6/m2/n1/c1	match	match	true	true
text-30/a6/m2/n1/c2	match	match	true	true
text-30/a6/m2/n1/c3	match	match	true	true
text-30/a6/m3/n0/c0	match	match	true	true
text-30/a6/m3/n0/c1	match	match	true	true
text-30/a6/m3/n0/c2	match	match	true	true
text-30/a6/m3/n0/c3	match	match	true	true
text-30/a6/m3/n1/c0	match	match	true	true
text-30/a6/m3/n1/c1	match	match	true	true
text-30/a6/m3/n1/c2	match	match	true	true
text-30/a6/m3/n1/c3	match	match	true	true
text-30/a7/m0/n0/c0	match	match	true	true
text-30/a7/m0/n0/c1	match	match	true	true
text-30/a7/m0/n0/c2	match	match	true	true
text-30/a7/m0/n0/c3	match	match	true	true
text-30/a7/m0/n1/c0	match	match	true	true
text-30/a7/m0/n1/c1	match	match	true	true
text-30/a7/m0/n1/c2	match	match	true	true
text-30/a7/m0/n1/c3	match	match	true	true
text-30/a7/m1/n0/c0	match	match	true	true
text-30/a7/m1/n0/c1	match	match	true	true
text-30/a7/m1/n0/c2	match	match	true	true
text-30/a7/m1/n0/c3	match	match	true	true
text-30/a7/m1/n1/c0	match	match	true	true
text-30/a7/m1/n1/c1	match	match	true	true
text-30/a7/m1/n1/c2	match	match	true	true
text-30/a7/m1/n1/c3	match	match	true	true
text-30/a7/m2/n0/c0	match	match	true	true
text-30/a7/m2/n0/c1	match	match	true	true
text-30/a7/m2/n0/c2	match	match	true	true
text-30/a7/m2/n0/c3	match	match	true	true
text-30/a7/m2/n1/c0	match	match	true	true
text-30/a7/m2/n1/c1	match	match	true	true
text-30/a7/m2/n1/c2	match	match	true	true
text-30/a7/m2/n1/c3	match	match	true	true
text-30/a7/m3/n0/c0	match	match	true	true
text-30/a7/m3/n0/c1	match	match	true	true
text-30/a7/m3/n0/c2	match	match	true	true
text-30/a7/m3/n0/c3	match	match	true	true
text-30/a7/m3/n1/c0	match	match	true	true
text-30/a7/m3/n1/c1	match	match	true	true
text-30/a7/m3/n1/c2	match	match	true	true
text-30/a7/m3/n1/c3	match	match	true	true
text-40/a0/m0/n0/c0	match	match	true	true
text-40/a0/m0/n0/c1	match	match	true	true
text-40/a0/m0/n0/c2	match	match	true	true
text-40/a0/m0/n0/c3	match	match	true	true
text-40/a0/m0/n1/c0	match	match	true	true
text-40/a0/m0/n1/c1	match	match	true	true
text-40/a0/m0/n1/c2	match	match	true	true
text-40/a0/m0/n1/c3	match	match	true	true
text-40/a0/m1/n0/c0	match	match	true	true
text-40/a0/m1/n0/c1	match	match	true	true
text-40/a0/m1/n0/c2	match	match	true	true
text-40/a0/m1/n0/c3	match	match	true	true
text-40/a0/m1/n1/c0	match	match	true	true
text-40/a0/m1/n1/c1	match	match	true	true
text-40/a0/m1/n1/c2	match	match	true	true
text-40/a0/m1/n1/c3	match	match	true	true
text-40/a0/m2/n0/c0	match	match	true	true
text-40/a0/m2/n0/c1	match	match	true	true
text-40/a0/m2/n0/c2	match	match	true	true
text-40/a0/m2/n0/c3	match	match	true	true
text-40/a0/m2/n1/c0	match	match	true	true
text-40/a0/m2/n1/c1	match	match	true	true
text-40/a0/m2/n1/c2	match	match	true	true
text-40/a0/m2/n1/c3	match	match	true	true
text-40/a0/m3/n0/c0	match	match	true	true
text-40/a0/m3/n0/c1	match	match	true	true
text-40/a0/m3/n0/c2	match	match	true	true
text-40/a0/m3/n0/c3	match	match	true	true
text-40/a0/m3/n1/c0	match	match	true	true
text-40/a0/m3/n1/c1	match	match	true	true
text-40/a0/m3/n1/c2	match	match	true	true
text-40/a0/m3/n1/c3	match	match	true	true
text-40/a1/m0/n0/c0	match	match	true	true
text-40/a1/m0/n0/c1	match	match	true	true
text-40/a1/m0/n0/c2	match	match	true	true
text-40/a1/m0/n0/c3	match	match	true	true
text-40/a1/m0/n1/c0	match	match	true	true
text-40/a1/m0/n1/c1	match	match	true	true
text-40/a1/m0/n1/c2	match	match	true	true
text-40/a1/m0/n1/c3	match	match	true	true
text-40/a1/m1/n0/c0	match	match	true	true
text-40/a1/m1/n0/c1	match	match	true	true
text-40/a1/m1/n0/c2	match	match	true	true
text-40/a1/m1/n0/c3	match	match	true	true
text-40/a1/m1/n1/c0	match	match	true	true
text-40/a1/m1/n1/c1	match	match	true	true
text-40/a1/m1/n1/c2	match	match	true	true
text-40/a1/m1/n1/c3	match	match	true	true
text-40/a1/m2/n0/c0	match	match	true	true
text-40/a1/m2/n0/c1	match	match	true	true
text-40/a1/m2/n0/c2	match	match	true	true
text-40/a1/m2/n0/c3	match	match	true	true
text-40/a1/m2/n1/c0	match	match	true	true
text-40/a1/m2/n1/c1	match	match	true	true
text-40/a1/m2/n1/c2	match	match	true	true
text-40/a1/m2/n1/c3	match	match	true	true
text-40/a1/m3/n0/c0	match	match	true	true
text-40/a1/m3/n0/c1	match	match	true	true
text-40/a1/m3/n0/c2	match	match	true	true
text-40/a1/m3/n0/c3	match	match	true	true
text-40/a1/m3/n1/c0	match	match	true	true
text-40/a1/m3/n1/c1	match	match	true	true
text-40/a1/m3/n1/c2	match	match	true	true
text-40/a1/m3/n1/c3	match	match	true	true
text-40/a2/m0/n0/c0	match	match	true	true
text-40/a2/m0/n0/c1	match	match	true	true
text-40/a2/m0/n0/c2	match	match	true	true
text-40/a2/m0/n0/c3	match	match	true	true
text-40/a2/m0/n1/c0	match	match	true	true
text-40/a2/m0/n1/c1	match	match	true	true
text-40/a2/m0/n1/c2	match	match	true	true
text-40/a2/m0/n1/c3	match	match	true	true
text-40/a2/m1/n0/c0	match	match	true	true
text-40/a2/m1/n0/c1	match	match	true	true
text-40/a2/m1/n0/c2	match	match	true	true
text-40/a2/m1/n0/c3	match	match	true	true
text-40/a2/m1/n1/c0	match	match	true	true
text-40/a2/m1/n1/c1	match	match	true	true
text-40/a2/m1/n1/c2	match	match	true	true
text-40/a2/m1/n1/c3	match	match	true	true
text-40/a2/m2/n0/c0	match	match	true	true
text-40/a2/m2/n0/c1	match	match	true	true
text-40/a2/m2/n0/c2	match	match	true	true
text-40/a2/m2/n0/c3	match	match	true	true
text-40/a2/m2/n1/c0	match	match	true	true
text-40/a2/m2/n1/c1	match	match	true	true
text-40/a2/m2/n1/c2	match	match	true	true
text-40/a2/m2/n1/c3	match	match	true	true
text-40/a2/m3/n0/c0	match	match	true	true
text-40/a2/m3/n0/c1	match	match	true	true
text-40/a2/m3/n0/c2	match	match	true	true
text-40/a2/m3/n0/c3	match	match	true	true
text-40/a2/m3/n1/c0	match	match	true	true
text-40/a2/m3/n1/c1	match	match	true	true
text-40/a2/m3/n1/c2	match	match	true	true
text-40/a2/m3/n1/c3	match	match	true	true
text-40/a3/m0/n0/c0	match	match	true	true
text-40/a3/m0/n0/c1	match	match	true	true
text-40/a3/m0/n0/c2	match	match	true	true
text-40/a3/m0/n0/c3	match	match	true	true
text-40/a3/m0/n1/c0	match	match	true	true
text-40/a3/m0/n1/c1	match	match	true	true
text-40/a3/m0/n1/c2	match	match	true	true
text-40/a3/m0/n1/c3	match	match	true	true
text-40/a3/m1/n0/c0	match	match	true	true
text-40/a3/m1/n0/c1	match	match	true	true
text-40/a3/m1/n0/c2	match	match	true	true
text-40/a3/m1/n0/c3	match	match	true	true
text-40/a3/m1/n1/c0	match	match	true	true
text-40/a3/m1/n1/c1	match	match	true	true
text-40/a3/m1/n1/c2	match	match	true	true
text-40/a3/m1/n1/c3	match	match	true	true
text-40/a3/m2/n0/c0	match	match	true	true
text-40/a3/m2/n0/c1	match	match	true	true
text-40/a3/m2/n0/c2	match	match	true	true
text-40/a3/m2/n0/c3	match	match	true	true
text-40/a3/m2/n1/c0	match	match	true	true
text-40/a3/m2/n1/c1	match	match	true	true
text-40/a3/m2/n1/c2	match	match	true	true
text-40/a3/m2/n1/c3	match	match	true	true
text-40/a3/m3/n0/c0	match	match	true	true
text-40/a3/m3/n0/c1	match	match	true	true
text-40/a3/m3/n0/c2	match	match	true	true
text-40/a3/m3/n0/c3	match	match	true	true
text-40/a3/m3/n1/c0	match	match	true	true
text-40/a3/m3/n1/c1	match	match	true	true
text-40/a3/m3/n1/c2	match	match	true	true
text-40/a3/m3/n1/c3	match	match	true	true
text-40/a4/m0/n0/c0	match	match	true	true
text-40/a4/m0/n0/c1	match	match	true	true
text-40/a4/m0/n0/c2	match	match	true	true
text-40/a4/m0/n0/c3	match	match	true	true
text-40/a4/m0/n1/c0	match	match	true	true
text-40/a4/m0/n1/c1	match	match	true	true
text-40/a4/m0/n1/c2	match	match	true	true
text-40/a4/m0/n1/c3	match	match	true	true
text-40/a4/m1/n0/c0	match	match	true	true
text-40/a4/m1/n0/c1	match	match	true	true
text-40/a4/m1/n0/c2	match	match	true	true
text-40/a4/m1/n0/c3	match	match	true	true
text-40/a4/m1/n1/c0	match	match	true	true
text-40/a4/m1/n1/c1	match	match	true	true
text-40/a4/m1/n1/c2	match	match	true	true
text-40/a4/m1/n1/c3	match	match	true	true
text-40/a4/m2/n0/c0	match	match	true	true
text-40/a4/m2/n0/c1	match	match	true	true
text-40/a4/m2/n0/c2	match	match	true	true
text-40/a4/m2/n0/c3	match	match	true	true
text-40/a4/m2/n1/c0	match	match	true	true
text-40/a4/m2/n1/c1	match	match	true	true
text-40/a4/m2/n1/c2	match	match	true	true
text-40/a4/m2/n1/c3	match	match	true	true
text-40/a4/m3/n0/c0	match	match	true	true
text-40/a4/m3/n0/c1	match	match	true	true
text-40/a4/m3/n0/c2	match	match	true	true
text-40/a4/m3/n0/c3	match	match	true	true
text-40/a4/m3/n1/c0	match	match	true	true
text-40/a4/m3/n1/c1	match	match	true	true
text-40/a4/m3/n1/c2	match	match	true	true
text-40/a4/m3/n1/c3	match	match	true	true
text-40/a5/m0/n0/c0	match	match	true	true
text-40/a5/m0/n0/c1	match	match	true	true
text-40/a5/m0/n0/c2	match	match	true	true
text-40/a5/m0/n0/c3	match	match	true	true
text-40/a5/m0/n1/c0	match	match	true	true
text-40/a5/m0/n1/c1	match	match	true	true
text-40/a5/m0/n1/c2	match	match	true	true
text-40/a5/m0/n1/c3	match	match	true	true
text-40/a5/m1/n0/c0	match	match	true	true
text-40/a5/m1/n0/c1	match	match	true	true
text-40/a5/m1/n0/c2	match	match	true	true
text-40/a5/m1/n0/c3	match	match	true	true
text-40/a5/m1/n1/c0	match	match	true	true
text-40/a5/m1/n1/c1	match	match	true	true
text-40/a5/m1/n1/c2	match	match	true	true
text-40/a5/m1/n1/c3	match	match	true	true
text-40/a5/m2/n0/c0	match	match	true	true
text-40/a5/m2/n0/c1	match	match	true	true
text-40/a5/m2/n0/c2	match	match	true	true
text-40/a5/m2/n0/c3	match	match	true	true
text-40/a5/m2/n1/c0	match	match	true	true
text-40/a5/m2/n1/c1	match	match	true	true
text-40/a5/m2/n1/c2	match	match	true	true
text-40/a5/m2/n1/c3	match	match	true	true
text-40/a5/m3/n0/c0	match	match	true	true
text-40/a5/m3/n0/c1	match	match	true	true
text-40/a5/m3/n0/c2	match	match	true	true
text-40/a5/m3/n0/c3	match	match	true	true
text-40/a5/m3/n1/c0	match	match	true	true
text-40/a5/m3/n1/c1	match	match	true	true
text-40/a5/m3/n1/c2	match	match	true	true
text-40/a5/m3/n1/c3	match	match	true	true
text-40/a6/m0/n0/c0	match	match	true	true
text-40/a6/m0/n0/c1	match	match	true	true
text-40/a6/m0/n0/c2	match	match	true	true
text-40/a6/m0/n0/c3	match	match	true	true
text-40/a6/m0/n1/c0	match	match	true	true
text-40/a6/m0/n1/c1	match	match	true	true
text-40/a6/m0/n1/c2	match	match	true	true
text-40/a6/m0/n1/c3	match	match	true	true
text-40/a6/m1/n0/c0	match	match	true	true
text-40/a6/m1/n0/c1	match	match	true	true
text-40/a6/m1/n0/c2	match	match	true	true
text-40/a6/m1/n0/c3	match	match	true	true
text-40/a6/m1/n1/c0	match	match	true	true
text-40/a6/m1/n1/c1	match	match	true	true
text-40/a6/m1/n1/c2	match	match	true	true
text-40/a6/m1/n1/c3	match	match	true	true
text-40/a6/m2/n0/c0	match	match	true	true
text-40/a6/m2/n0/c1	match	match	true	true
text-40/a6/m2/n0/c2	match	match	true	true
text-40/a6/m2/n0/c3	match	match	true	true
text-40/a6/m2/n1/c0	match	match	true	true
text-40/a6/m2/n1/c1	match	match	true	true
text-40/a6/m2/n1/c2	match	match	true	true
text-40/a6/m2/n1/c3	match	match	true	true
text-40/a6/m3/n0/c0	match	match	true	true
text-40/a6/m3/n0/c1	match	match	true	true
text-40/a6/m3/n0/c2	match	match	true	true
text-40/a6/m3/n0/c3	match	match	true	true
text-40/a6/m3/n1/c0	match	match	true	true
text-40/a6/m3/n1/c1	match	match	true	true
text-40/a6/m3/n1/c2	match	match	true	true
text-40/a6/m3/n1/c3	match	match	true	true
text-40/a7/m0/n0/c0	match	match	true	true
text-40/a7/m0/n0/c1	match	match	true	true
text-40/a7/m0/n0/c2	match	match	true	true
text-40/a7/m0/n0/c3	match	match	true	true
text-40/a7/m0/n1/c0	match	match	true	true
text-40/a7/m0/n1/c1	match	match	true	true
text-40/a7/m0/n1/c2	match	match	true	true
text-40/a7/m0/n1/c3	match	match	true	true
text-40/a7/m1/n0/c0	match	match	true	true
text-40/a7/m1/n0/c1	match	match	true	true
text-40/a7/m1/n0/c2	match	match	true	true
text-40/a7/m1/n0/c3	match	match	true	true
text-40/a7/m1/n1/c0	match	match	true	true
text-40/a7/m1/n1/c1	match	match	true	true
text-40/a7/m1/n1/c2	match	match	true	true
text-40/a7/m1/n1/c3	match	match	true	true
text-40/a7/m2/n0/c0	match	match	true	true
text-40/a7/m2/n0/c1	match	match	true	true
text-40/a7/m2/n0/c2	match	match	true	true
text-40/a7/m2/n0/c3	match	match	true	true
text-40/a7/m2/n1/c0	match	match	true	true
text-40/a7/m2/n1/c1	match	match	true	true
text-40/a7/m2/n1/c2	match	match	true	true
text-40/a7/m2/n1/c3	match	match	true	true
text-40/a7/m3/n0/c0	match	match	true	true
text-40/a7/m3/n0/c1	match	match	true	true
text-40/a7/m3/n0/c2	match	match	true	true
text-40/a7/m3/n0/c3	match	match	true	true
text-40/a7/m3/n1/c0	match	match	true	true
text-40/a7/m3/n1/c1	match	match	true	true
text-40/a7/m3/n1/c2	match	match	true	true
text-40/a7/m3/n1/c3	match	match	true	true
text-50/a0/m0/n0/c0	match	match	true	true
text-50/a0/m0/n0/c1	match	match	true	true
text-50/a0/m0/n0/c2	match	match	true	true
text-50/a0/m0/n0/c3	match	match	true	true
text-50/a0/m0/n1/c0	match	match	true	true
text-50/a0/m0/n1/c1	match	match	true	true
text-50/a0/m0/n1/c2	match	match	true	true
text-50/a0/m0/n1/c3	match	match	true	true
text-50/a0/m1/n0/c0	match	match	true	true
text-50/a0/m1/n0/c1	match	match	true	true
text-50/a0/m1/n0/c2	match	match	true	true
text-50/a0/m1/n0/c3	match	match	true	true
text-50/a0/m1/n1/c0	match	match	true	true
text-50/a0/m1/n1/c1	match	match	true	true
text-50/a0/m1/n1/c2	match	match	true	true
text-50/a0/m1/n1/c3	match	match	true	true
text-50/a0/m2/n0/c0	match	match	true	true
text-50/a0/m2/n0/c1	match	match	true	true
text-50/a0/m2/n0/c2	match	match	true	true
text-50/a0/m2/n0/c3	match	match	true	true
text-50/a0/m2/n1/c0	match	match	true	true
text-50/a0/m2/n1/c1	match	match	true	true
text-50/a0/m2/n1/c2	match	match	true	true
text-50/a0/m2/n1/c3	match	match	true	true
text-50/a0/m3/n0/c0	match	match	true	true
text-50/a0/m3/n0/c1	match	match	true	true
text-50/a0/m3/n0/c2	match	match	true	true
text-50/a0/m3/n0/c3	match	match	true	true
text-50/a0/m3/n1/c0	match	match	true	true
text-50/a0/m3/n1/c1	match	match	true	true
text-50/a0/m3/n1/c2	match	match	true	true
text-50/a0/m3/n1/c3	match	match	true	true
text-50/a1/m0/n0/c0	match	match	true	true
text-50/a1/m0/n0/c1	match	match	true	true
text-50/a1/m0/n0/c2	match	match	true	true
text-50/a1/m0/n0/c3	match	match	true	true
text-50/a1/m0/n1/c0	match	match	true	true
text-50/a1/m0/n1/c1	match	match	true	true
text-50/a1/m0/n1/c2	match	match	true	true
text-50/a1/m0/n1/c3	match	match	true	true
text-50/a1/m1/n0/c0	match	match	true	true
text-50/a1/m1/n0/c1	match	match	true	true
text-50/a1/m1/n0/c2	match	match	true	true
text-50/a1/m1/n0/c3	match	match	true	true
text-50/a1/m1/n1/c0	match	match	true	true
text-50/a1/m1/n1/c1	match	match	true	true
text-50/a1/m1/n1/c2	match	match	true	true
text-50/a1/m1/n1/c3	match	match	true	true
text-50/a1/m2/n0/c0	match	match	true	true
text-50/a1/m2/n0/c1	match	match	true	true
text-50/a1/m2/n0/c2	match	match	true	true
text-50/a1/m2/n0/c3	match	match	true	true
text-50/a1/m2/n1/c0	match	match	true	true
text-50/a1/m2/n1/c1	match	match	true	true
text-50/a1/m2/n1/c2	match	match	true	true
text-50/a1/m2/n1/c3	match	match	true	true
text-50/a1/m3/n0/c0	match	match	true	true
text-50/a1/m3/n0/c1	match	match	true	true
text-50/a1/m3/n0/c2	match	match	true	true
text-50/a1/m3/n0/c3	match	match	true	true
text-50/a1/m3/n1/c0	match	match	true	true
text-50/a1/m3/n1/c1	match	match	true	true
text-50/a1/m3/n1/c2	match	match	true	true
text-50/a1/m3/n1/c3	match	match	true	true
text-50/a2/m0/n0/c0	match	match	true	true
text-50/a2/m0/n0/c1	match	match	true	true
text-50/a2/m0/n0/c2	match	match	true	true
text-50/a2/m0/n0/c3	match	match	true	true
text-50/a2/m0/n1/c0	match	match	true	true
text-50/a2/m0/n1/c1	match	match	true	true
text-50/a2/m0/n1/c2	match	match	true	true
text-50/a2/m0/n1/c3	match	match	true	true
text-50/a2/m1/n0/c0	match	match	true	true
text-50/a2/m1/n0/c1	match	match	true	true
text-50/a2/m1/n0/c2	match	match	true	true
text-50/a2/m1/n0/c3	match	match	true	true
text-50/a2/m1/n1/c0	match	match	true	true
text-50/a2/m1/n1/c1	match	match	true	true
text-50/a2/m1/n1/c2	match	match	true	true
text-50/a2/m1/n1/c3	match	match	true	true
text-50/a2/m2/n0/c0	match	match	true	true
text-50/a2/m2/n0/c1	match	match	true	true
text-50/a2/m2/n0/c2	match	match	true	true
text-50/a2/m2/n0/c3	match	match	true	true
text-50/a2/m2/n1/c0	match	match	true	true
text-50/a2/m2/n1/c1	match	match	true	true
text-50/a2/m2/n1/c2	match	match	true	true
text-50/a2/m2/n1/c3	match	match	true	true
text-50/a2/m3/n0/c0	match	match	true	true
text-50/a2/m3/n0/c1	match	match	true	true
text-50/a2/m3/n0/c2	match	match	true	true
text-50/a2/m3/n0/c3	match	match	true	true
text-50/a2/m3/n1/c0	match	match	true	true
text-50/a2/m3/n1/c1	match	match	true	true
text-50/a2/m3/n1/c2	match	match	true	true
text-50/a2/m3/n1/c3	match	match	true	true
text-50/a3/m0/n0/c0	match	match	true	true
text-50/a3/m0/n0/c1	match	match	true	true
text-50/a3/m0/n0/c2	match	match	true	true
text-50/a3/m0/n0/c3	match	match	true	true
text-50/a3/m0/n1/c0	match	match	true	true
text-50/a3/m0/n1/c1	match	match	true	true
text-50/a3/m0/n1/c2	match	match	true	true
text-50/a3/m0/n1/c3	match	match	true	true
text-50/a3/m1/n0/c0	match	match	true	true
text-50/a3/m1/n0/c1	match	match	true	true
text-50/a3/m1/n0/c2	match	match	true	true
text-50/a3/m1/n0/c3	match	match	true	true
text-50/a3/m1/n1/c0	match	match	true	true
text-50/a3/m1/n1/c1	match	match	true	true
text-50/a3/m1/n1/c2	match	match	true	true
text-50/a3/m1/n1/c3	match	match	true	true
text-50/a3/m2/n0/c0	match	match	true	true
text-50/a3/m2/n0/c1	match	match	true	true
text-50/a3/m2/n0/c2	match	match	true	true
text-50/a3/m2/n0/c3	match	match	true	true
text-50/a3/m2/n1/c0	match	match	true	true
text-50/a3/m2/n1/c1	match	match	true	true
text-50/a3/m2/n1/c2	match	match	true	true
text-50/a3/m2/n1/c3	match	match	true	true
text-50/a3/m3/n0/c0	match	match	true	true
text-50/a3/m3/n0/c1	match	match	true	true
text-50/a3/m3/n0/c2	match	match	true	true
text-50/a3/m3/n0/c3	match	match	true	true
text-50/a3/m3/n1/c0	match	match	true	true
text-50/a3/m3/n1/c1	match	match	true	true
text-50/a3/m3/n1/c2	match	match	true	true
text-50/a3/m3/n1/c3	match	match	true	true
text-50/a4/m0/n0/c0	match	match	true	true
text-50/a4/m0/n0/c1	match	match	true	true
text-50/a4/m0/n0/c2	match	match	true	true
text-50/a4/m0/n0/c3	match	match	true	true
text-50/a4/m0/n1/c0	match	match	true	true
text-50/a4/m0/n1/c1	match	match	true	true
text-50/a4/m0/n1/c2	match	match	true	true
text-50/a4/m0/n1/c3	match	match	true	true
text-50/a4/m1/n0/c0	match	match	true	true
text-50/a4/m1/n0/c1	match	match	true	true
text-50/a4/m1/n0/c2	match	match	true	true
text-50/a4/m1/n0/c3	match	match	true	true
text-50/a4/m1/n1/c0	match	match	true	true
text-50/a4/m1/n1/c1	match	match	true	true
text-50/a4/m1/n1/c2	match	match	true	true
text-50/a4/m1/n1/c3	match	match	true	true
text-50/a4/m2/n0/c0	match	match	true	true
text-50/a4/m2/n0/c1	match	match	true	true
text-50/a4/m2/n0/c2	match	match	true	true
text-50/a4/m2/n0/c3	match	match	true	true
text-50/a4/m2/n1/c0	match	match	true	true
text-50/a4/m2/n1/c1	match	match	true	true
text-50/a4/m2/n1/c2	match	match	true	true
text-50/a4/m2/n1/c3	match	match	true	true
text-50/a4/m3/n0/c0	match	match	true	true
text-50/a4/m3/n0/c1	match	match	true	true
text-50/a4/m3/n0/c2	match	match	true	true
text-50/a4/m3/n0/c3	match	match	true	true
text-50/a4/m3/n1/c0	match	match	true	true
text-50/a4/m3/n1/c1	match	match	true	true
text-50/a4/m3/n1/c2	match	match	true	true
text-50/a4/m3/n1/c3	match	match	true	true
text-50/a5/m0/n0/c0	match	match	true	true
text-50/a5/m0/n0/c1	match	match	true	true
text-50/a5/m0/n0/c2	match	match	true	true
text-50/a5/m0/n0/c3	match	match	true	true
text-50/a5/m0/n1/c0	match	match	true	true
text-50/a5/m0/n1/c1	match	match	true	true
text-50/a5/m0/n1/c2	match	match	true	true
text-50/a5/m0/n1/c3	match	match	true	true
text-50/a5/m1/n0/c0	match	match	true	true
text-50/a5/m1/n0/c1	match	match	true	true
text-50/a5/m1/n0/c2	match	match	true	true
text-50/a5/m1/n0/c3	match	match	true	true
text-50/a5/m1/n1/c0	match	match	true	true
text-50/a5/m1/n1/c1	match	match	true	true
text-50/a5/m1/n1/c2	match	match	true	true
text-50/a5/m1/n1/c3	match	match	true	true
text-50/a5/m2/n0/c0	match	match	true	true
text-50/a5/m2/n0/c1	match	match	true	true
text-50/a5/m2/n0/c2	match	match	true	true
text-50/a5/m2/n0/c3	match	match	true	true
text-50/a5/m2/n1/c0	match	match	true	true
text-50/a5/m2/n1/c1	match	match	true	true
text-50/a5/m2/n1/c2	match	match	true	true
text-50/a5/m2/n1/c3	match	match	true	true
text-50/a5/m3/n0/c0	match	match	true	true
text-50/a5/m3/n0/c1	match	match	true	true
text-50/a5/m3/n0/c2	match	match	true	true
text-50/a5/m3/n0/c3	match	match	true	true
text-50/a5/m3/n1/c0	match	match	true	true
text-50/a5/m3/n1/c1	match	match	true	true
text-50/a5/m3/n1/c2	match	match	true	true
text-50/a5/m3/n1/c3	match	match	true	true
text-50/a6/m0/n0/c0	match	match	true	true
text-50/a6/m0/n0/c1	match	match	true	true
text-50/a6/m0/n0/c2	match	match	true	true
text-50/a6/m0/n0/c3	match	match	true	true
text-50/a6/m0/n1/c0	match	match	true	true
text-50/a6/m0/n1/c1	match	match	true	true
text-50/a6/m0/n1/c2	match	match	true	true
text-50/a6/m0/n1/c3	match	match	true	true
text-50/a6/m1/n0/c0	match	match	true	true
text-50/a6/m1/n0/c1	match	match	true	true
text-50/a6/m1/n0/c2	match	match	true	true
text-50/a6/m1/n0/c3	match	match	true	true
text-50/a6/m1/n1/c0	match	match	true	true
text-50/a6/m1/n1/c1	match	match	true	true
text-50/a6/m1/n1/c2	match	match	true	true
text-50/a6/m1/n1/c3	match	match	true	true
text-50/a6/m2/n0/c0	match	match	true	true
text-50/a6/m2/n0/c1	match	match	true	true
text-50/a6/m2/n0/c2	match	match	true	true
text-50/a6/m2/n0/c3	match	match	true	true
text-50/a6/m2/n1/c0	match	match	true	true
text-50/a6/m2/n1/c1	match	match	true	true
text-50/a6/m2/n1/c2	match	match	true	true
text-50/a6/m2/n1/c3	match	match	true	true
text-50/a6/m3/n0/c0	match	match	true	true
text-50/a6/m3/n0/c1	match	match	true	true
text-50/a6/m3/n0/c2	match	match	true	true
text-50/a6/m3/n0/c3	match	match	true	true
text-50/a6/m3/n1/c0	match	match	true	true
text-50/a6/m3/n1/c1	match	match	true	true
text-50/a6/m3/n1/c2	match	match	true	true
text-50/a6/m3/n1/c3	match	match	true	true
text-50/a7/m0/n0/c0	match	match	true	true
text-50/a7/m0/n0/c1	match	match	true	true
text-50/a7/m0/n0/c2	match	match	true	true
text-50/a7/m0/n0/c3	match	match	true	true
text-50/a7/m0/n1/c0	match	match	true	true
text-50/a7/m0/n1/c1	match	match	true	true
text-50/a7/m0/n1/c2	match	match	true	true
text-50/a7/m0/n1/c3	match	match	true	true
text-50/a7/m1/n0/c0	match	match	true	true
text-50/a7/m1/n0/c1	match	match	true	true
text-50/a7/m1/n0/c2	match	match	true	true
text-50/a7/m1/n0/c3	match	match	true	true
text-50/a7/m1/n1/c0	match	match	true	true
text-50/a7/m1/n1/c1	match	match	true	true
text-50/a7/m1/n1/c2	match	match	true	true
text-50/a7/m1/n1/c3	match	match	true	true
text-50/a7/m2/n0/c0	match	match	true	true
text-50/a7/m2/n0/c1	match	match	true	true
text-50/a7/m2/n0/c2	match	match	true	true
text-50/a7/m2/n0/c3	match	match	true	true
text-50/a7/m2/n1/c0	match	match	true	true
text-50/a7/m2/n1/c1	match	match	true	true
text-50/a7/m2/n1/c2	match	match	true	true
text-50/a7/m2/n1/c3	match	match	true	true
text-50/a7/m3/n0/c0	match	match	true	true
text-50/a7/m3/n0/c1	match	match	true	true
text-50/a7/m3/n0/c2	match	match	true	true
text-50/a7/m3/n0/c3	match	match	true	true
text-50/a7/m3/n1/c0	match	match	true	true
text-50/a7/m3/n1/c1	match	match	true	true
text-50/a7/m3/n1/c2	match	match	true	true
text-50/a7/m3/n1/c3	match	match	true	true
text-60/a0/m0/n0/c0	match	match	true	true
text-60/a0/m0/n0/c1	match	match	true	true
text-60/a0/m0/n0/c2	match	match	true	true
text-60/a0/m0/n0/c3	match	match	true	true
text-60/a0/m0/n1/c0	match	match	true	true
text-60/a0/m0/n1/c1	match	match	true	true
text-60/a0/m0/n1/c2	match	match	true	true
text-60/a0/m0/n1/c3	match	match	true	true
text-60/a0/m1/n0/c0	match	match	true	true
text-60/a0/m1/n0/c1	match	match	true	true
text-60/a0/m1/n0/c2	match	match	true	true
text-60/a0/m1/n0/c3	match	match	true	true
text-60/a0/m1/n1/c0	match	match	true	true
text-60/a0/m1/n1/c1	match	match	true	true
text-60/a0/m1/n1/c2	match	match	true	true
text-60/a0/m1/n1/c3	match	match	true	true
text-60/a0/m2/n0/c0	match	match	true	true
text-60/a0/m2/n0/c1	match	match	true	true
text-60/a0/m2/n0/c2	match	match	true	true
text-60/a0/m2/n0/c3	match	match	true	true
text-60/a0/m2/n1/c0	match	match	true	true
text-60/a0/m2/n1/c1	match	match	true	true
text-60/a0/m2/n1/c2	match	match	true	true
text-60/a0/m2/n1/c3	match	match	true	true
text-60/a0/m3/n0/c0	match	match	true	true
text-60/a0/m3/n0/c1	match	match	true	true
text-60/a0/m3/n0/c2	match	match	true	true
text-60/a0/m3/n0/c3	match	match	true	true
text-60/a0/m3/n1/c0	match	match	true	true
text-60/a0/m3/n1/c1	match	match	true	true
text-60/a0/m3/n1/c2	match	match	true	true
text-60/a0/m3/n1/c3	match	match	true	true
text-60/a1/m0/n0/c0	match	match	true	true
text-60/a1/m0/n0/c1	match	match	true	true
text-60/a1/m0/n0/c2	match	match	true	true
text-60/a1/m0/n0/c3	match	match	true	true
text-60/a1/m0/n1/c0	match	match	true	true
text-60/a1/m0/n1/c1	match	match	true	true
text-60/a1/m0/n1/c2	match	match	true	true
text-60/a1/m0/n1/c3	match	match	true	true
text-60/a1/m1/n0/c0	match	match	true	true
text-60/a1/m1/n0/c1	match	match	true	true
text-60/a1/m1/n0/c2	match	match	true	true
text-60/a1/m1/n0/c3	match	match	true	true
text-60/a1/m1/n1/c0	match	match	true	true
text-60/a1/m1/n1/c1	match	match	true	true
text-60/a1/m1/n1/c2	match	match	true	true
text-60/a1/m1/n1/c3	match	match	true	true
text-60/a1/m2/n0/c0	match	match	true	true
text-60/a1/m2/n0/c1	match	match	true	true
text-60/a1/m2/n0/c2	match	match	true	true
text-60/a1/m2/n0/c3	match	match	true	true
text-60/a1/m2/n1/c0	match	match	true	true
text-60/a1/m2/n1/c1	match	match	true	true
text-60/a1/m2/n1/c2	match	match	true	true
text-60/a1/m2/n1/c3	match	match	true	true
text-60/a1/m3/n0/c0	match	match	true	true
text-60/a1/m3/n0/c1	match	match	true	true
text-60/a1/m3/n0/c2	match	match	true	true
text-60/a1/m3/n0/c3	match	match	true	true
text-60/a1/m3/n1/c0	match	match	true	true
text-60/a1/m3/n1/c1	match	match	true	true
text-60/a1/m3/n1/c2	match	match	true	true
text-60/a1/m3/n1/c3	match	match	true	true
text-60/a2/m0/n0/c0	match	match	true	true
text-60/a2/m0/n0/c1	match	match	true	true
text-60/a2/m0/n0/c2	match	match	true	true
text-60/a2/m0/n0/c3	match	match	true	true
text-60/a2/m0/n1/c0	match	match	true	true
text-60/a2/m0/n1/c1	match	match	true	true
text-60/a2/m0/n1/c2	match	match	true	true
text-60/a2/m0/n1/c3	match	match	true	true
text-60/a2/m1/n0/c0	match	match	true	true
text-60/a2/m1/n0/c1	match	match	true	true
text-60/a2/m1/n0/c2	match	match	true	true
text-60/a2/m1/n0/c3	match	match	true	true
text-60/a2/m1/n1/c0	match	match	true	true
text-60/a2/m1/n1/c1	match	match	true	true
text-60/a2/m1/n1/c2	match	match	true	true
text-60/a2/m1/n1/c3	match	match	true	true
text-60/a2/m2/n0/c0	match	match	true	true
text-60/a2/m2/n0/c1	match	match	true	true
text-60/a2/m2/n0/c2	match	match	true	true
text-60/a2/m2/n0/c3	match	match	true	true
text-60/a2/m2/n1/c0	match	match	true	true
text-60/a2/m2/n1/c1	match	match	true	true
text-60/a2/m2/n1/c2	match	match	true	true
text-60/a2/m2/n1/c3	match	match	true	true
text-60/a2/m3/n0/c0	match	match	true	true
text-60/a2/m3/n0/c1	match	match	true	true
text-60/a2/m3/n0/c2	match	match	true	true
text-60/a2/m3/n0/c3	match	match	true	true
text-60/a2/m3/n1/c0	match	match	true	true
text-60/a2/m3/n1/c1	match	match	true	true
text-60/a2/m3/n1/c2	match	match	true	true
text-60/a2/m3/n1/c3	match	match	true	true
text-60/a3/m0/n0/c0	match	match	true	true
text-60/a3/m0/n0/c1	match	match	true	true
text-60/a3/m0/n0/c2	match	match	true	true
text-60/a3/m0/n0/c3	match	match	true	true
text-60/a3/m0/n1/c0	match	match	true	true
text-60/a3/m0/n1/c1	match	match	true	true
text-60/a3/m0/n1/c2	match	match	true	true
text-60/a3/m0/n1/c3	match	match	true	true
text-60/a3/m1/n0/c0	match	match	true	true
text-60/a3/m1/n0/c1	match	match	true	true
text-60/a3/m1/n0/c2	match	match	true	true
text-60/a3/m1/n0/c3	match	match	true	true
text-60/a3/m1/n1/c0	match	match	true	true
text-60/a3/m1/n1/c1	match	match	true	true
text-60/a3/m1/n1/c2	match	match	true	true
text-60/a3/m1/n1/c3	match	match	true	true
text-60/a3/m2/n0/c0	match	match	true	true
text-60/a3/m2/n0/c1	match	match	true	true
text-60/a3/m2/n0/c2	match	match	true	true
text-60/a3/m2/n0/c3	match	match	true	true
text-60/a3/m2/n1/c0	match	match	true	true
text-60/a3/m2/n1/c1	match	match	true	true
text-60/a3/m2/n1/c2	match	match	true	true
text-60/a3/m2/n1/c3	match	match	true	true
text-60/a3/m3/n0/c0	match	match	true	true
text-60/a3/m3/n0/c1	match	match	true	true
text-60/a3/m3/n0/c2	match	match	true	true
text-60/a3/m3/n0/c3	match	match	true	true
text-60/a3/m3/n1/c0	match	match	true	true
text-60/a3/m3/n1/c1	match	match	true	true
text-60/a3/m3/n1/c2	match	match	true	true
text-60/a3/m3/n1/c3	match	match	true	true
text-60/a4/m0/n0/c0	match	match	true	true
text-60/a4/m0/n0/c1	match	match	true	true
text-60/a4/m0/n0/c2	match	match	true	true
text-60/a4/m0/n0/c3	match	match	true	true
text-60/a4/m0/n1/c0	match	match	true	true
text-60/a4/m0/n1/c1	match	match	true	true
text-60/a4/m0/n1/c2	match	match	true	true
text-60/a4/m0/n1/c3	match	match	true	true
text-60/a4/m1/n0/c0	match	match	true	true
text-60/a4/m1/n0/c1	match	match	true	true
text-60/a4/m1/n0/c2	match	match	true	true
text-60/a4/m1/n0/c3	match	match	true	true
text-60/a4/m1/n1/c0	match	match	true	true
text-60/a4/m1/n1/c1	match	match	true	true
text-60/a4/m1/n1/c2	match	match	true	true
text-60/a4/m1/n1/c3	match	match	true	true
text-60/a4/m2/n0/c0	match	match	true	true
text-60/a4/m2/n0/c1	match	match	true	true
text-60/a4/m2/n0/c2	match	match	true	true
text-60/a4/m2/n0/c3	match	match	true	true
text-60/a4/m2/n1/c0	match	match	true	true
text-60/a4/m2/n1/c1	match	match	true	true
text-60/a4/m2/n1/c2	match	match	true	true
text-60/a4/m2/n1/c3	match	match	true	true
text-60/a4/m3/n0/c0	match	match	true	true
text-60/a4/m3/n0/c1	match	match	true	true
text-60/a4/m3/n0/c2	match	match	true	true
text-60/a4/m3/n0/c3	match	match	true	true
text-60/a4/m3/n1/c0	match	match	true	true
text-60/a4/m3/n1/c1	match	match	true	true
text-60/a4/m3/n1/c2	match	match	true	true
text-60/a4/m3/n1/c3	match	match	true	true
text-60/a5/m0/n0/c0	match	match	true	true
text-60/a5/m0/n0/c1	match	match	true	true
text-60/a5/m0/n0/c2	match	match	true	true
text-60/a5/m0/n0/c3	match	match	true	true
text-60/a5/m0/n1/c0	match	match	true	true
text-60/a5/m0/n1/c1	match	match	true	true
text-60/a5/m0/n1/c2	match	match	true	true
text-60/a5/m0/n1/c3	match	match	true	true
text-60/a5/m1/n0/c0	match	match	true	true
text-60/a5/m1/n0/c1	match	match	true	true
text-60/a5/m1/n0/c2	match	match	true	true
text-60/a5/m1/n0/c3	match	match	true	true
text-60/a5/m1/n1/c0	match	match	true	true
text-60/a5/m1/n1/c1	match	match	true	true
text-60/a5/m1/n1/c2	match	match	true	true
text-60/a5/m1/n1/c3	match	match	true	true
text-60/a5/m2/n0/c0	match	match	true	true
text-60/a5/m2/n0/c1	match	match	true	true
text-60/a5/m2/n0/c2	match	match	true	true
text-60/a5/m2/n0/c3	match	match	true	true
text-60/a5/m2/n1/c0	match	match	true	true
text-60/a5/m2/n1/c1	match	match	true	true
text-60/a5/m2/n1/c2	match	match	true	true
text-60/a5/m2/n1/c3	match	match	true	true
text-60/a5/m3/n0/c0	match	match	true	true
text-60/a5/m3/n0/c1	match	match	true	true
text-60/a5/m3/n0/c2	match	match	true	true
text-60/a5/m3/n0/c3	match	match	true	true
text-60/a5/m3/n1/c0	match	match	true	true
text-60/a5/m3/n1/c1	match	match	true	true
text-60/a5/m3/n1/c2	match	match	true	true
text-60/a5/m3/n1/c3	match	match	true	true
text-60/a6/m0/n0/c0	match	match	true	true
text-60/a6/m0/n0/c1	match	match	true	true
text-60/a6/m0/n0/c2	match	match	true	true
text-60/a6/m0/n0/c3	match	match	true	true
text-60/a6/m0/n1/c0	match	match	true	true
text-60/a6/m0/n1/c1	match	match	true	true
text-60/a6/m0/n1/c2	match	match	true	true
text-60/a6/m0/n1/c3	match	match	true	true
text-60/a6/m1/n0/c0	match	match	true	true
text-60/a6/m1/n0/c1	match	match	true	true
text-60/a6/m1/n0/c2	match	match	true	true
text-60/a6/m1/n0/c3	match	match	true	true
text-60/a6/m1/n1/c0	match	match	true	true
text-60/a6/m1/n1/c1	match	match	true	true
text-60/a6/m1/n1/c2	match	match	true	true
text-60/a6/m1/n1/c3	match	match	true	true
text-60/a6/m2/n0/c0	match	match	true	true
text-60/a6/m2/n0/c1	match	match	true	true
text-60/a6/m2/n0/c2	match	match	true	true
text-60/a6/m2/n0/c3	match	match	true	true
text-60/a6/m2/n1/c0	match	match	true	true
text-60/a6/m2/n1/c1	match	match	true	true
text-60/a6/m2/n1/c2	match	match	true	true
text-60/a6/m2/n1/c3	match	match	true	true
text-60/a6/m3/n0/c0	match	match	true	true
text-60/a6/m3/n0/c1	match	match	true	true
text-60/a6/m3/n0/c2	match	match	true	true
text-60/a6/m3/n0/c3	match	match	true	true
text-60/a6/m3/n1/c0	match	match	true	true
text-60/a6/m3/n1/c1	match	match	true	true
text-60/a6/m3/n1/c2	match	match	true	true
text-60/a6/m3/n1/c3	match	match	true	true
text-60/a7/m0/n0/c0	match	match	true	true
text-60/a7/m0/n0/c1	match	match	true	true
text-60/a7/m0/n0/c2	match	match	true	true
text-60/a7/m0/n0/c3	match	match	true	true
text-60/a7/m0/n1/c0	match	match	true	true
text-60/a7/m0/n1/c1	match	match	true	true
text-60/a7/m0/n1/c2	match	match	true	true
text-60/a7/m0/n1/c3	match	match	true	true
text-60/a7/m1/n0/c0	match	match	true	true
text-60/a7/m1/n0/c1	match	match	true	true
text-60/a7/m1/n0/c2	match	match	true	true
text-60/a7/m1/n0/c3	match	match	true	true
text-60/a7/m1/n1/c0	match	match	true	true
text-60/a7/m1/n1/c1	match	match	true	true
text-60/a7/m1/n1/c2	match	match	true	true
text-60/a7/m1/n1/c3	match	match	true	true
text-60/a7/m2/n0/c0	match	match	true	true
text-60/a7/m2/n0/c1	match	match	true	true
text-60/a7/m2/n0/c2	match	match	true	true
text-60/a7/m2/n0/c3	match	match	true	true
text-60/a7/m2/n1/c0	match	match	true	true
text-60/a7/m2/n1/c1	match	match	true	true
text-60/a7/m2/n1/c2	match	match	true	true
text-60/a7/m2/n1/c3	match	match	true	true
text-60/a7/m3/n0/c0	match	match	true	true
text-60/a7/m3/n0/c1	match	match	true	true
text-60/a7/m3/n0/c2	match	match	true	true
text-60/a7/m3/n0/c3	match	match	true	true
text-60/a7/m3/n1/c0	match	match	true	true
text-60/a7/m3/n1/c1	match	match	true	true
text-60/a7/m3/n1/c2	match	match	true	true
text-60/a7/m3/n1/c3	match	match	true	true
text-70/a0/m0/n0/c0	match	match	true	true
text-70/a0/m0/n0/c1	match	match	true	true
text-70/a0/m0/n0/c2	match	match	true	true
text-70/a0/m0/n0/c3	match	match	true	true
text-70/a0/m0/n1/c0	match	match	true	true
text-70/a0/m0/n1/c1	match	match	true	true
text-70/a0/m0/n1/c2	match	match	true	true
text-70/a0/m0/n1/c3	match	match	true	true
text-70/a0/m1/n0/c0	match	match	true	true
text-70/a0/m1/n0/c1	match	match	true	true
text-70/a0/m1/n0/c2	match	match	true	true
text-70/a0/m1/n0/c3	match	match	true	true
text-70/a0/m1/n1/c0	match	match	true	true
text-70/a0/m1/n1/c1	match	match	true	true
text-70/a0/m1/n1/c2	match	match	true	true
text-70/a0/m1/n1/c3	match	match	true	true
text-70/a0/m2/n0/c0	match	match	true	true
text-70/a0/m2/n0/c1	match	match	true	true
text-70/a0/m2/n0/c2	match	match	true	true
text-70/a0/m2/n0/c3	match	match	true	true
text-70/a0/m2/n1/c0	match	match	true	true
text-70/a0/m2/n1/c1	match	match	true	true
text-70/a0/m2/n1/c2	match	match	true	true
text-70/a0/m2/n1/c3	match	match	true	true
text-70/a0/m3/n0/c0	match	match	true	true
text-70/a0/m3/n0/c1	match	match	true	true
text-70/a0/m3/n0/c2	match	match	true	true
text-70/a0/m3/n0/c3	match	match	true	true
text-70/a0/m3/n1/c0	match	match	true	true
text-70/a0/m3/n1/c1	match	match	true	true
text-70/a0/m3/n1/c2	match	match	true	true
text-70/a0/m3/n1/c3	match	match	true	true
text-70/a1/m0/n0/c0	match	match	true	true
text-70/a1/m0/n0/c1	match	match	true	true
text-70/a1/m0/n0/c2	match	match	true	true
text-70/a1/m0/n0/c3	match	match	true	true
text-70/a1/m0/n1/c0	match	match	true	true
text-70/a1/m0/n1/c1	match	match	true	true
text-70/a1/m0/n1/c2	match	match	true	true
text-70/a1/m0/n1/c3	match	match	true	true
text-70/a1/m1/n0/c0	match	match	true	true
text-70/a1/m1/n0/c1	match	match	true	true
text-70/a1/m1/n0/c2	match	match	true	true
text-70/a1/m1/n0/c3	match	match	true	true
text-70/a1/m1/n1/c0	match	match	true	true
text-70/a1/m1/n1/c1	match	match	true	true
text-70/a1/m1/n1/c2	match	match	true	true
text-70/a1/m1/n1/c3	match	match	true	true
text-70/a1/m2/n0/c0	match	match	true	true
text-70/a1/m2/n0/c1	match	match	true	true
text-70/a1/m2/n0/c2	match	match	true	true
text-70/a1/m2/n0/c3	match	match	true	true
text-70/a1/m2/n1/c0	match	match	true	true
text-70/a1/m2/n1/c1	match	match	true	true
text-70/a1/m2/n1/c2	match	match	true	true
text-70/a1/m2/n1/c3	match	match	true	true
text-70/a1/m3/n0/c0	match	match	true	true
text-70/a1/m3/n0/c1	match	match	true	true
text-70/a1/m3/n0/c2	match	match	true	true
text-70/a1/m3/n0/c3	match	match	true	true
text-70/a1/m3/n1/c0	match	match	true	true
text-70/a1/m3/n1/c1	match	match	true	true
text-70/a1/m3/n1/c2	match	match	true	true
text-70/a1/m3/n1/c3	match	match	true	true
text-70/a2/m0/n0/c0	match	match	true	true
text-70/a2/m0/n0/c1	match	match	true	true
text-70/a2/m0/n0/c2	match	match	true	true
text-70/a2/m0/n0/c3	match	match	true	true
text-70/a2/m0/n1/c0	match	match	true	true
text-70/a2/m0/n1/c1	match	match	true	true
text-70/a2/m0/n1/c2	match	match	true	true
text-70/a2/m0/n1/c3	match	match	true	true
text-70/a2/m1/n0/c0	match	match	true	true
text-70/a2/m1/n0/c1	match	match	true	true
text-70/a2/m1/n0/c2	match	match	true	true
text-70/a2/m1/n0/c3	match	match	true	true
text-70/a2/m1/n1/c0	match	match	true	true
text-70/a2/m1/n1/c1	match	match	true	true
text-70/a2/m1/n1/c2	match	match	true	true
text-70/a2/m1/n1/c3	match	match	true	true
text-70/a2/m2/n0/c0	match	match	true	true
text-70/a2/m2/n0/c1	match	match	true	true
text-70/a2/m2/n0/c2	match	match	true	true
text-70/a2/m2/n0/c3	match	match	true	true
text-70/a2/m2/n1/c0	match	match	true	true
text-70/a2/m2/n1/c1	match	match	true	true
text-70/a2/m2/n1/c2	match	match	true	true
text-70/a2/m2/n1/c3	match	match	true	true
text-70/a2/m3/n0/c0	match	match	true	true
text-70/a2/m3/n0/c1	match	match	true	true
text-70/a2/m3/n0/c2	match	match	true	true
text-70/a2/m3/n0/c3	match	match	true	true
text-70/a2/m3/n1/c0	match	match	true	true
text-70/a2/m3/n1/c1	match	match	true	true
text-70/a2/m3/n1/c2	match	match	true	true
text-70/a2/m3/n1/c3	match	match	true	true
text-70/a3/m0/n0/c0	match	match	true	true
text-70/a3/m0/n0/c1	match	match	true	true
text-70/a3/m0/n0/c2	match	match	true	true
text-70/a3/m0/n0/c3	match	match	true	true
text-70/a3/m0/n1/c0	match	match	true	true
text-70/a3/m0/n1/c1	match	match	true	true
text-70/a3/m0/n1/c2	match	match	true	true
text-70/a3/m0/n1/c3	match	match	true	true
text-70/a3/m1/n0/c0	match	match	true	true
text-70/a3/m1/n0/c1	match	match	true	true
text-70/a3/m1/n0/c2	match	match	true	true
text-70/a3/m1/n0/c3	match	match	true	true
text-70/a3/m1/n1/c0	match	match	true	true
text-70/a3/m1/n1/c1	match	match	true	true
text-70/a3/m1/n1/c2	match	match	true	true
text-70/a3/m1/n1/c3	match	match	true	true
text-70/a3/m2/n0/c0	match	match	true	true
text-70/a3/m2/n0/c1	match	match	true	true
text-70/a3/m2/n0/c2	match	match	true	true
text-70/a3/m2/n0/c3	match	match	true	true
text-70/a3/m2/n1/c0	match	match	true	true
text-70/a3/m2/n1/c1	match	match	true	true
text-70/a3/m2/n1/c2	match	match	true	true
text-70/a3/m2/n1/c3	match	match	true	true
text-70/a3/m3/n0/c0	match	match	true	true
text-70/a3/m3/n0/c1	match	match	true	true
text-70/a3/m3/n0/c2	match	match	true	true
text-70/a3/m3/n0/c3	match	match	true	true
text-70/a3/m3/n1/c0	match	match	true	true
text-70/a3/m3/n1/c1	match	match	true	true
text-70/a3/m3/n1/c2	match	match	true	true
text-70/a3/m3/n1/c3	match	match	true	true
text-70/a4/m0/n0/c0	match	match	true	true
text-70/a4/m0/n0/c1	match	match	true	true
text-70/a4/m0/n0/c2	match	match	true	true
text-70/a4/m0/n0/c3	match	match	true	true
text-70/a4/m0/n1/c0	match	match	true	true
text-70/a4/m0/n1/c1	match	match	true	true
text-70/a4/m0/n1/c2	match	match	true	true
text-70/a4/m0/n1/c3	match	match	true	true
text-70/a4/m1/n0/c0	match	match	true	true
text-70/a4/m1/n0/c1	match	match	true	true
text-70/a4/m1/n0/c2	match	match	true	true
text-70/a4/m1/n0/c3	match	match	true	true
text-70/a4/m1/n1/c0	match	match	true	true
text-70/a4/m1/n1/c1	match	match	true	true
text-70/a4/m1/n1/c2	match	match	true	true
text-70/a4/m1/n1/c3	match	match	true	true
text-70/a4/m2/n0/c0	match	match	true	true
text-70/a4/m2/n0/c1	match	match	true	true
text-70/a4/m2/n0/c2	match	match	true	true
text-70/a4/m2/n0/c3	match	match	true	true
text-70/a4/m2/n1/c0	match	match	true	true
text-70/a4/m2/n1/c1	match	match	true	true
text-70/a4/m2/n1/c2	match	match	true	true
text-70/a4/m2/n1/c3	match	match	true	true
text-70/a4/m3/n0/c0	match	match	true	true
text-70/a4/m3/n0/c1	match	match	true	true
text-70/a4/m3/n0/c2	match	match	true	true
text-70/a4/m3/n0/c3	match	match	true	true
text-70/a4/m3/n1/c0	match	match	true	true
text-70/a4/m3/n1/c1	match	match	true	true
text-70/a4/m3/n1/c2	match	match	true	true
text-70/a4/m3/n1/c3	match	match	true	true
text-70/a5/m0/n0/c0	match	match	true	true
text-70/a5/m0/n0/c1	match	match	true	true
text-70/a5/m0/n0/c2	match	match	true	true
text-70/a5/m0/n0/c3	match	match	true	true
text-70/a5/m0/n1/c0	match	match	true	true
text-70/a5/m0/n1/c1	match	match	true	true
text-70/a5/m0/n1/c2	match	match	true	true
text-70/a5/m0/n1/c3	match	match	true	true
text-70/a5/m1/n0/c0	match	match	true	true
text-70/a5/m1/n0/c1	match	match	true	true
text-70/a5/m1/n0/c2	match	match	true	true
text-70/a5/m1/n0/c3	match	match	true	true
text-70/a5/m1/n1/c0	match	match	true	true
text-70/a5/m1/n1/c1	match	match	true	true
text-70/a5/m1/n1/c2	match	match	true	true
text-70/a5/m1/n1/c3	match	match	true	true
text-70/a5/m2/n0/c0	match	match	true	true
text-70/a5/m2/n0/c1	match	match	true	true
text-70/a5/m2/n0/c2	match	match	true	true
text-70/a5/m2/n0/c3	match	match	true	true
text-70/a5/m2/n1/c0	match	match	true	true
text-70/a5/m2/n1/c1	match	match	true	true
text-70/a5/m2/n1/c2	match	match	true	true
text-70/a5/m2/n1/c3	match	match	true	true
text-70/a5/m3/n0/c0	match	match	true	true
text-70/a5/m3/n0/c1	match	match	true	true
text-70/a5/m3/n0/c2	match	match	true	true
text-70/a5/m3/n0/c3	match	match	true	true
text-70/a5/m3/n1/c0	match	match	true	true
text-70/a5/m3/n1/c1	match	match	true	true
text-70/a5/m3/n1/c2	match	match	true	true
text-70/a5/m3/n1/c3	match	match	true	true
text-70/a6/m0/n0/c0	match	match	true	true
text-70/a6/m0/n0/c1	match	match	true	true
text-70/a6/m0/n0/c2	match	match	true	true
text-70/a6/m0/n0/c3	match	match	true	true
text-70/a6/m0/n1/c0	match	match	true	true
text-70/a6/m0/n1/c1	match	match	true	true
text-70/a6/m0/n1/c2	match	match	true	true
text-70/a6/m0/n1/c3	match	match	true	true
text-70/a6/m1/n0/c0	match	match	true	true
text-70/a6/m1/n0/c1	match	match	true	true
text-70/a6/m1/n0/c2	match	match	true	true
text-70/a6/m1/n0/c3	match	match	true	true
text-70/a6/m1/n1/c0	match	match	true	true
text-70/a6/m1/n1/c1	match	match	true	true
text-70/a6/m1/n1/c2	match	match	true	true
text-70/a6/m1/n1/c3	match	match	true	true
text-70/a6/m2/n0/c0	match	match	true	true
text-70/a6/m2/n0/c1	match	match	true	true
text-70/a6/m2/n0/c2	match	match	true	true
text-70/a6/m2/n0/c3	match	match	true	true
text-70/a6/m2/n1/c0	match	match	true	true
text-70/a6/m2/n1/c1	match	match	true	true
text-70/a6/m2/n1/c2	match	match	true	true
text-70/a6/m2/n1/c3	match	match	true	true
text-70/a6/m3/n0/c0	match	match	true	true
text-70/a6/m3/n0/c1	match	match	true	true
text-70/a6/m3/n0/c2	match	match	true	true
text-70/a6/m3/n0/c3	match	match	true	true
text-70/a6/m3/n1/c0	match	match	true	true
text-70/a6/m3/n1/c1	match	match	true	true
text-70/a6/m3/n1/c2	match	match	true	true
text-70/a6/m3/n1/c3	match	match	true	true
text-70/a7/m0/n0/c0	match	match	true	true
text-70/a7/m0/n0/c1	match	match	true	true
text-70/a7/m0/n0/c2	match	match	true	true
text-70/a7/m0/n0/c3	match	match	true	true
text-70/a7/m0/n1/c0	match	match	true	true
text-70/a7/m0/n1/c1	match	match	true	true
text-70/a7/m0/n1/c2	match	match	true	true
text-70/a7/m0/n1/c3	match	match	true	true
text-70/a7/m1/n0/c0	match	match	true	true
text-70/a7/m1/n0/c1	match	match	true	true
text-70/a7/m1/n0/c2	match	match	true	true
text-70/a7/m1/n0/c3	match	match	true	true
text-70/a7/m1/n1/c0	match	match	true	true
text-70/a7/m1/n1/c1	match	match	true	true
text-70/a7/m1/n1/c2	match	match	true	true
text-70/a7/m1/n1/c3	match	match	true	true
text-70/a7/m2/n0/c0	match	match	true	true
text-70/a7/m2/n0/c1	match	match	true	true
text-70/a7/m2/n0/c2	match	match	true	true
text-70/a7/m2/n0/c3	match	match	true	true
text-70/a7/m2/n1/c0	match	match	true	true
text-70/a7/m2/n1/c1	match	match	true	true
text-70/a7/m2/n1/c2	match	match	true	true
text-70/a7/m2/n1/c3	match	match	true	true
text-70/a7/m3/n0/c0	match	match	true	true
text-70/a7/m3/n0/c1	match	match	true	true
text-70/a7/m3/n0/c2	match	match	true	true
text-70/a7/m3/n0/c3	match	match	true	true
text-70/a7/m3/n1/c0	match	match	true	true
text-70/a7/m3/n1/c1	match	match	true	true
text-70/a7/m3/n1/c2	match	match	true	true
text-70/a7/m3/n1/c3	match	match	true	true
text-80/a0/m0/n0/c0	match	match	true	true
text-80/a0/m0/n0/c1	match	match	true	true
text-80/a0/m0/n0/c2	match	match	true	true
text-80/a0/m0/n0/c3	match	match	true	true
text-80/a0/m0/n1/c0	match	match	true	true
text-80/a0/m0/n1/c1	match	match	true	true
text-80/a0/m0/n1/c2	match	match	true	true
text-80/a0/m0/n1/c3	match	match	true	true
text-80/a0/m1/n0/c0	match	match	true	true
text-80/a0/m1/n0/c1	match	match	true	true
text-80/a0/m1/n0/c2	match	match	true	true
text-80/a0/m1/n0/c3	match	match	true	true
text-80/a0/m1/n1/c0	match	match	true	true
text-80/a0/m1/n1/c1	match	match	true	true
text-80/a0/m1/n1/c2	match	match	true	true
text-80/a0/m1/n1/c3	match	match	true	true
text-80/a0/m2/n0/c0	match	match	true	true
text-80/a0/m2/n0/c1	match	match	true	true
text-80/a0/m2/n0/c2	match	match	true	true
text-80/a0/m2/n0/c3	match	match	true	true
text-80/a0/m2/n1/c0	match	match	true	true
text-80/a0/m2/n1/c1	match	match	true	true
text-80/a0/m2/n1/c2	match	match	true	true
text-80/a0/m2/n1/c3	match	match	true	true
text-80/a0/m3/n0/c0	match	match	true	true
text-80/a0/m3/n0/c1	match	match	true	true
text-80/a0/m3/n0/c2	match	match	true	true
text-80/a0/m3/n0/c3	match	match	true	true
text-80/a0/m3/n1/c0	match	match	true	true
text-80/a0/m3/n1/c1	match	match	true	true
text-80/a0/m3/n1/c2	match	match	true	true
text-80/a0/m3/n1/c3	match	match	true	true
text-80/a1/m0/n0/c0	match	match	true	true
text-80/a1/m0/n0/c1	match	match	true	true
text-80/a1/m0/n0/c2	match	match	true	true
text-80/a1/m0/n0/c3	match	match	true	true
text-80/a1/m0/n1/c0	match	match	true	true
text-80/a1/m0/n1/c1	match	match	true	true
text-80/a1/m0/n1/c2	match	match	true	true
text-80/a1/m0/n1/c3	match	match	true	true
text-80/a1/m1/n0/c0	match	match	true	true
text-80/a1/m1/n0/c1	match	match	true	true
text-80/a1/m1/n0/c2	match	match	true	true
text-80/a1/m1/n0/c3	match	match	true	true
text-80/a1/m1/n1/c0	match	match	true	true
text-80/a1/m1/n1/c1	match	match	true	true
text-80/a1/m1/n1/c2	match	match	true	true
text-80/a1/m1/n1/c3	match	match	true	true
text-80/a1/m2/n0/c0	match	match	true	true
text-80/a1/m2/n0/c1	match	match	true	true
text-80/a1/m2/n0/c2	match	match	true	true
text-80/a1/m2/n0/c3	match	match	true	true
text-80/a1/m2/n1/c0	match	match	true	true
text-80/a1/m2/n1/c1	match	match	true	true
text-80/a1/m2/n1/c2	match	match	true	true
text-80/a1/m2/n1/c3	match	match	true	true
text-80/a1/m3/n0/c0	match	match	true	true
text-80/a1/m3/n0/c1	match	match	true	true
text-80/a1/m3/n0/c2	match	match	true	true
text-80/a1/m3/n0/c3	match	match	true	true
text-80/a1/m3/n1/c0	match	match	true	true
text-80/a1/m3/n1/c1	match	match	true	true
text-80/a1/m3/n1/c2	match	match	true	true
text-80/a1/m3/n1/c3	match	match	true	true
text-80/a2/m0/n0/c0	match	match	true	true
text-80/a2/m0/n0/c1	match	match	true	true
text-80/a2/m0/n0/c2	match	match	true	true
text-80/a2/m0/n0/c3	match	match	true	true
text-80/a2/m0/n1/c0	match	match	true	true
text-80/a2/m0/n1/c1	match	match	true	true
text-80/a2/m0/n1/c2	match	match	true	true
text-80/a2/m0/n1/c3	match	match	true	true
text-80/a2/m1/n0/c0	match	match	true	true
text-80/a2/m1/n0/c1	match	match	true	true
text-80/a2/m1/n0/c2	match	match	true	true
text-80/a2/m1/n0/c3	match	match	true	true
text-80/a2/m1/n1/c0	match	match	true	true
text-80/a2/m1/n1/c1	match	match	true	true
text-80/a2/m1/n1/c2	match	match	true	true
text-80/a2/m1/n1/c3	match	match	true	true
text-80/a2/m2/n0/c0	match	match	true	true
text-80/a2/m2/n0/c1	match	match	true	true
text-80/a2/m2/n0/c2	match	match	true	true
text-80/a2/m2/n0/c3	match	match	true	true
text-80/a2/m2/n1/c0	match	match	true	true
text-80/a2/m2/n1/c1	match	match	true	true
text-80/a2/m2/n1/c2	match	match	true	true
text-80/a2/m2/n1/c3	match	match	true	true
text-80/a2/m3/n0/c0	match	match	true	true
text-80/a2/m3/n0/c1	match	match	true	true
text-80/a2/m3/n0/c2	match	match	true	true
text-80/a2/m3/n0/c3	match	match	true	true
text-80/a2/m3/n1/c0	match	match	true	true
text-80/a2/m3/n1/c1	match	match	true	true
text-80/a2/m3/n1/c2	match	match	true	true
text-80/a2/m3/n1/c3	match	match	true	true
text-80/a3/m0/n0/c0	match	match	true	true
text-80/a3/m0/n0/c1	match	match	true	true
text-80/a3/m0/n0/c2	match	match	true	true
text-80/a3/m0/n0/c3	match	match	true	true
text-80/a3/m0/n1/c0	match	match	true	true
text-80/a3/m0/n1/c1	match	match	true	true
text-80/a3/m0/n1/c2	match	match	true	true
text-80/a3/m0/n1/c3	match	match	true	true
text-80/a3/m1/n0/c0	match	match	true	true
text-80/a3/m1/n0/c1	match	match	true	true
text-80/a3/m1/n0/c2	match	match	true	true
text-80/a3/m1/n0/c3	match	match	true	true
text-80/a3/m1/n1/c0	match	match	true	true
text-80/a3/m1/n1/c1	match	match	true	true
text-80/a3/m1/n1/c2	match	match	true	true
text-80/a3/m1/n1/c3	match	match	true	true
text-80/a3/m2/n0/c0	match	match	true	true
text-80/a3/m2/n0/c1	match	match	true	true
text-80/a3/m2/n0/c2	match	match	true	true
text-80/a3/m2/n0/c3	match	match	true	true
text-80/a3/m2/n1/c0	match	match	true	true
text-80/a3/m2/n1/c1	match	match	true	true
text-80/a3/m2/n1/c2	match	match	true	true
text-80/a3/m2/n1/c3	match	match	true	true
text-80/a3/m3/n0/c0	match	match	true	true
text-80/a3/m3/n0/c1	match	match	true	true
text-80/a3/m3/n0/c2	match	match	true	true
text-80/a3/m3/n0/c3	match	match	true	true
text-80/a3/m3/n1/c0	match	match	true	true
text-80/a3/m3/n1/c1	match	match	true	true
text-80/a3/m3/n1/c2	match	match	true	true
text-80/a3/m3/n1/c3	match	match	true	true
text-80/a4/m0/n0/c0	match	match	true	true
text-80/a4/m0/n0/c1	match	match	true	true
text-80/a4/m0/n0/c2	match	match	true	true
text-80/a4/m0/n0/c3	match	match	true	true
text-80/a4/m0/n1/c0	match	match	true	true
text-80/a4/m0/n1/c1	match	match	true	true
text-80/a4/m0/n1/c2	match	match	true	true
text-80/a4/m0/n1/c3	match	match	true	true
text-80/a4/m1/n0/c0	match	match	true	true
text-80/a4/m1/n0/c1	match	match	true	true
text-80/a4/m1/n0/c2	match	match	true	true
text-80/a4/m1/n0/c3	match	match	true	true
text-80/a4/m1/n1/c0	match	match	true	true
text-80/a4/m1/n1/c1	match	match	true	true
text-80/a4/m1/n1/c2	match	match	true	true
text-80/a4/m1/n1/c3	match	match	true	true
text-80/a4/m2/n0/c0	match	match	true	true
text-80/a4/m2/n0/c1	match	match	true	true
text-80/a4/m2/n0/c2	match	match	true	true
text-80/a4/m2/n0/c3	match	match	true	true
text-80/a4/m2/n1/c0	match	match	true	true
text-80/a4/m2/n1/c1	match	match	true	true
text-80/a4/m2/n1/c2	match	match	true	true
text-80/a4/m2/n1/c3	match	match	true	true
text-80/a4/m3/n0/c0	match	match	true	true
text-80/a4/m3/n0/c1	match	match	true	true
text-80/a4/m3/n0/c2	match	match	true	true
text-80/a4/m3/n0/c3	match	match	true	true
text-80/a4/m3/n1/c0	match	match	true	true
text-80/a4/m3/n1/c1	match	match	true	true
text-80/a4/m3/n1/c2	match	match	true	true
text-80/a4/m3/n1/c3	match	match	true	true
text-80/a5/m0/n0/c0	match	match	true	true
text-80/a5/m0/n0/c1	match	match	true	true
text-80/a5/m0/n0/c2	match	match	true	true
text-80/a5/m0/n0/c3	match	match	true	true
text-80/a5/m0/n1/c0	match	match	true	true
text-80/a5/m0/n1/c1	match	match	true	true
text-80/a5/m0/n1/c2	match	match	true	true
text-80/a5/m0/n1/c3	match	match	true	true
text-80/a5/m1/n0/c0	match	match	true	true
text-80/a5/m1/n0/c1	match	match	true	true
text-80/a5/m1/n0/c2	match	match	true	true
text-80/a5/m1/n0/c3	match	match	true	true
text-80/a5/m1/n1/c0	match	match	true	true
text-80/a5/m1/n1/c1	match	match	true	true
text-80/a5/m1/n1/c2	match	match	true	true
text-80/a5/m1/n1/c3	match	match	true	true
text-80/a5/m2/n0/c0	match	match	true	true
text-80/a5/m2/n0/c1	match	match	true	true
text-80/a5/m2/n0/c2	match	match	true	true
text-80/a5/m2/n0/c3	match	match	true	true
text-80/a5/m2/n1/c0	match	match	true	true
text-80/a5/m2/n1/c1	match	match	true	true
text-80/a5/m2/n1/c2	match	match	true	true
text-80/a5/m2/n1/c3	match	match	true	true
text-80/a5/m3/n0/c0	match	match	true	true
text-80/a5/m3/n0/c1	match	match	true	true
text-80/a5/m3/n0/c2	match	match	true	true
text-80/a5/m3/n0/c3	match	match	true	true
text-80/a5/m3/n1/c0	match	match	true	true
text-80/a5/m3/n1/c1	match	match	true	true
text-80/a5/m3/n1/c2	match	match	true	true
text-80/a5/m3/n1/c3	match	match	true	true
text-80/a6/m0/n0/c0	match	match	true	true
text-80/a6/m0/n0/c1	match	match	true	true
text-80/a6/m0/n0/c2	match	match	true	true
text-80/a6/m0/n0/c3	match	match	true	true
text-80/a6/m0/n1/c0	match	match	true	true
text-80/a6/m0/n1/c1	match	match	true	true
text-80/a6/m0/n1/c2	match	match	true	true
text-80/a6/m0/n1/c3	match	match	true	true
text-80/a6/m1/n0/c0	match	match	true	true
text-80/a6/m1/n0/c1	match	match	true	true
text-80/a6/m1/n0/c2	match	match	true	true
text-80/a6/m1/n0/c3	match	match	true	true
text-80/a6/m1/n1/c0	match	match	true	true
text-80/a6/m1/n1/c1	match	match	true	true
text-80/a6/m1/n1/c2	match	match	true	true
text-80/a6/m1/n1/c3	match	match	true	true
text-80/a6/m2/n0/c0	match	match	true	true
text-80/a6/m2/n0/c1	match	match	true	true
text-80/a6/m2/n0/c2	match	match	true	true
text-80/a6/m2/n0/c3	match	match	true	true
text-80/a6/m2/n1/c0	match	match	true	true
text-80/a6/m2/n1/c1	match	match	true	true
text-80/a6/m2/n1/c2	match	match	true	true
text-80/a6/m2/n1/c3	match	match	true	true
text-80/a6/m3/n0/c0	match	match	true	true
text-80/a6/m3/n0/c1	match	match	true	true
text-80/a6/m3/n0/c2	match	match	true	true
text-80/a6/m3/n0/c3	match	match	true	true
text-80/a6/m3/n1/c0	match	match	true	true
text-80/a6/m3/n1/c1	match	match	true	true
text-80/a6/m3/n1/c2	match	match	true	true
text-80/a6/m3/n1/c3	match	match	true	true
text-80/a7/m0/n0/c0	match	match	true	true
text-80/a7/m0/n0/c1	match	match	true	true
text-80/a7/m0/n0/c2	match	match	true	true
text-80/a7/m0/n0/c3	match	match	true	true
text-80/a7/m0/n1/c0	match	match	true	true
text-80/a7/m0/n1/c1	match	match	true	true
text-80/a7/m0/n1/c2	match	match	true	true
text-80/a7/m0/n1/c3	match	match	true	true
text-80/a7/m1/n0/c0	match	match	true	true
text-80/a7/m1/n0/c1	match	match	true	true
text-80/a7/m1/n0/c2	match	match	true	true
text-80/a7/m1/n0/c3	match	match	true	true
text-80/a7/m1/n1/c0	match	match	true	true
text-80/a7/m1/n1/c1	match	match	true	true
text-80/a7/m1/n1/c2	match	match	true	true
text-80/a7/m1/n1/c3	match	match	true	true
text-80/a7/m2/n0/c0	match	match	true	true
text-80/a7/m2/n0/c1	match	match	true	true
text-80/a7/m2/n0/c2	match	match	true	true
text-80/a7/m2/n0/c3	match	match	true	true
text-80/a7/m2/n1/c0	match	match	true	true
text-80/a7/m2/n1/c1	match	match	true	true
text-80/a7/m2/n1/c2	match	match	true	true
text-80/a7/m2/n1/c3	match	match	true	true
text-80/a7/m3/n0/c0	match	match	true	true
text-80/a7/m3/n0/c1	match	match	true	true
text-80/a7/m3/n0/c2	match	match	true	true
text-80/a7/m3/n0/c3	match	match	true	true
text-80/a7/m3/n1/c0	match	match	true	true
text-80/a7/m3/n1/c1	match	match	true	true
text-80/a7/m3/n1/c2	match	match	true	true
text-80/a7/m3/n1/c3	match	match	true	true
text-90/a0/m0/n0/c0	match	match	true	true
text-90/a0/m0/n0/c1	match	match	true	true
text-90/a0/m0/n0/c2	match	match	true	true
text-90/a0/m0/n0/c3	match	match	true	true
text-90/a0/m0/n1/c0	match	match	true	true
text-90/a0/m0/n1/c1	match	match	true	true
text-90/a0/m0/n1/c2	match	match	true	true
text-90/a0/m0/n1/c3	match	match	true	true
text-90/a0/m1/n0/c0	match	match	true	true
text-90/a0/m1/n0/c1	match	match	true	true
text-90/a0/m1/n0/c2	match	match	true	true
text-90/a0/m1/n0/c3	match	match	true	true
text-90/a0/m1/n1/c0	match	match	true	true
text-90/a0/m1/n1/c1	match	match	true	true
text-90/a0/m1/n1/c2	match	match	true	true
text-90/a0/m1/n1/c3	match	match	true	true
text-90/a0/m2/n0/c0	match	match	true	true
text-90/a0/m2/n0/c1	match	match	true	true
text-90/a0/m2/n0/c2	match	match	true	true
text-90/a0/m2/n0/c3	match	match	true	true
text-90/a0/m2/n1/c0	match	match	true	true
text-90/a0/m2/n1/c1	match	match	true	true
text-90/a0/m2/n1/c2	match	match	true	true
text-90/a0/m2/n1/c3	match	match	true	true
text-90/a0/m3/n0/c0	match	match	true	true
text-90/a0/m3/n0/c1	match	match	true	true
text-90/a0/m3/n0/c2	match	match	true	true
text-90/a0/m3/n0/c3	match	match	true	true
text-90/a0/m3/n1/c0	match	match	true	true
text-90/a0/m3/n1/c1	match	match	true	true
text-90/a0/m3/n1/c2	match	match	true	true
text-90/a0/m3/n1/c3	match	match	true	true
text-90/a1/m0/n0/c0	match	match	true	true
text-90/a1/m0/n0/c1	match	match	true	true
text-90/a1/m0/n0/c2	match	match	true	true
text-90/a1/m0/n0/c3	match	match	true	true
text-90/a1/m0/n1/c0	match	match	true	true
text-90/a1/m0/n1/c1	match	match	true	true
text-90/a1/m0/n1/c2	match	match	true	true
text-90/a1/m0/n1/c3	match	match	true	true
text-90/a1/m1/n0/c0	match	match	true	true
text-90/a1/m1/n0/c1	match	match	true	true
text-90/a1/m1/n0/c2	match	match	true	true
text-90/a1/m1/n0/c3	match	match	true	true
text-90/a1/m1/n1/c0	match	match	true	true
text-90/a1/m1/n1/c1	match	match	true	true
text-90/a1/m1/n1/c2	match	match	true	true
text-90/a1/m1/n1/c3	match	match	true	true
text-90/a1/m2/n0/c0	match	match	true	true
text-90/a1/m2/n0/c1	match	match	true	true
text-90/a1/m2/n0/c2	match	match	true	true
text-90/a1/m2/n0/c3	match	match	true	true
text-90/a1/m2/n1/c0	match	match	true	true
text-90/a1/m2/n1/c1	match	match	true	true
text-90/a1/m2/n1/c2	match	match	true	true
text-90/a1/m2/n1/c3	match	match	true	true
text-90/a1/m3/n0/c0	match	match	true	true
text-90/a1/m3/n0/c1	match	match	true	true
text-90/a1/m3/n0/c2	match	match	true	true
text-90/a1/m3/n0/c3	match	match	true	true
text-90/a1/m3/n1/c0	match	match	true	true
text-90/a1/m3/n1/c1	match	match	true	true
text-90/a1/m3/n1/c2	match	match	true	true
text-90/a1/m3/n1/c3	match	match	true	true
text-90/a2/m0/n0/c0	match	match	true	true
text-90/a2/m0/n0/c1	match	match	true	true
text-90/a2/m0/n0/c2	match	match	true	true
text-90/a2/m0/n0/c3	match	match	true	true
text-90/a2/m0/n1/c0	match	match	true	true
text-90/a2/m0/n1/c1	match	match	true	true
text-90/a2/m0/n1/c2	match	match	true	true
text-90/a2/m0/n1/c3	match	match	true	true
text-90/a2/m1/n0/c0	match	match	true	true
text-90/a2/m1/n0/c1	match	match	true	true
text-90/a2/m1/n0/c2	match	match	true	true
text-90/a2/m1/n0/c3	match	match	true	true
text-90/a2/m1/n1/c0	match	match	true	true
text-90/a2/m1/n1/c1	match	match	true	true
text-90/a2/m1/n1/c2	match	match	true	true
text-90/a2/m1/n1/c3	match	match	true	true
text-90/a2/m2/n0/c0	match	match	true	true
text-90/a2/m2/n0/c1	match	match	true	true
text-90/a2/m2/n0/c2	match	match	true	true
text-90/a2/m2/n0/c3	match	match	true	true
text-90/a2/m2/n1/c0	match	match	true	true
text-90/a2/m2/n1/c1	match	match	true	true
text-90/a2/m2/n1/c2	match	match	true	true
text-90/a2/m2/n1/c3	match	match	true	true
text-90/a2/m3/n0/c0	match	match	true	true
text-90/a2/m3/n0/c1	match	match	true	true
text-90/a2/m3/n0/c2	match	match	true	true
text-90/a2/m3/n0/c3	match	match	true	true
text-90/a2/m3/n1/c0	match	match	true	true
text-90/a2/m3/n1/c1	match	match	true	true
text-90/a2/m3/n1/c2	match	match	true	true
text-90/a2/m3/n1/c3	match	match	true	true
text-90/a3/m0/n0/c0	match	match	true	true
text-90/a3/m0/n0/c1	match	match	true	true
text-90/a3/m0/n0/c2	match	match	true	true
text-90/a3/m0/n0/c3	match	match	true	true
text-90/a3/m0/n1/c0	match	match	true	true
text-90/a3/m0/n1/c1	match	match	true	true
text-90/a3/m0/n1/c2	match	match	true	true
text-90/a3/m0/n1/c3	match	match	true	true
text-90/a3/m1/n0/c0	match	match	true	true
text-90/a3/m1/n0/c1	match	match	true	true
text-90/a3/m1/n0/c2	match	match	true	true
text-90/a3/m1/n0/c3	match	match	true	true
text-90/a3/m1/n1/c0	match	match	true	true
text-90/a3/m1/n1/c1	match	match	true	true
text-90/a3/m1/n1/c2	match	match	true	true
text-90/a3/m1/n1/c3	match	match	true	true
text-90/a3/m2/n0/c0	match	match	true	true
text-90/a3/m2/n0/c1	match	match	true	true
text-90/a3/m2/n0/c2	match	match	true	true
text-90/a3/m2/n0/c3	match	match	true	true
text-90/a3/m2/n1/c0	match	match	true	true
text-90/a3/m2/n1/c1	match	match	true	true
text-90/a3/m2/n1/c2	match	match	true	true
text-90/a3/m2/n1/c3	match	match	true	true
text-90/a3/m3/n0/c0	match	match	true	true
text-90/a3/m3/n0/c1	match	match	true	true
text-90/a3/m3/n0/c2	match	match	true	true
text-90/a3/m3/n0/c3	match	match	true	true
text-90/a3/m3/n1/c0	match	match	true	true
text-90/a3/m3/n1/c1	match	match	true	true
text-90/a3/m3/n1/c2	match	match	true	true
text-90/a3/m3/n1/c3	match	match	true	true
text-90/a4/m0/n0/c0	match	match	true	true
text-90/a4/m0/n0/c1	match	match	true	true
text-90/a4/m0/n0/c2	match	match	true	true
text-90/a4/m0/n0/c3	match	match	true	true
text-90/a4/m0/n1/c0	match	match	true	true
text-90/a4/m0/n1/c1	match	match	true	true
text-90/a4/m0/n1/c2	match	match	true	true
text-90/a4/m0/n1/c3	match	match	true	true
text-90/a4/m1/n0/c0	match	match	true	true
text-90/a4/m1/n0/c1	match	match	true	true
text-90/a4/m1/n0/c2	match	match	true	true
text-90/a4/m1/n0/c3	match	match	true	true
text-90/a4/m1/n1/c0	match	match	true	true
text-90/a4/m1/n1/c1	match	match	true	true
text-90/a4/m1/n1/c2	match	match	true	true
text-90/a4/m1/n1/c3	match	match	true	true
text-90/a4/m2/n0/c0	match	match	true	true
text-90/a4/m2/n0/c1	match	match	true	true
text-90/a4/m2/n0/c2	match	match	true	true
text-90/a4/m2/n0/c3	match	match	true	true
text-90/a4/m2/n1/c0	match	match	true	true
text-90/a4/m2/n1/c1	match	match	true	true
text-90/a4/m2/n1/c2	match	match	true	true
text-90/a4/m2/n1/c3	match	match	true	true
text-90/a4/m3/n0/c0	match	match	true	true
text-90/a4/m3/n0/c1	match	match	true	true
text-90/a4/m3/n0/c2	match	match	true	true
text-90/a4/m3/n0/c3	match	match	true	true
text-90/a4/m3/n1/c0	match	match	true	true
text-90/a4/m3/n1/c1	match	match	true	true
text-90/a4/m3/n1/c2	match	match	true	true
text-90/a4/m3/n1/c3	match	match	true	true
text-90/a5/m0/n0/c0	match	match	true	true
text-90/a5/m0/n0/c1	match	match	true	true
text-90/a5/m0/n0/c2	match	match	true	true
text-90/a5/m0/n0/c3	match	match	true	true
text-90/a5/m0/n1/c0	match	match	true	true
text-90/a5/m0/n1/c1	match	match	true	true
text-90/a5/m0/n1/c2	match	match	true	true
text-90/a5/m0/n1/c3	match	match	true	true
text-90/a5/m1/n0/c0	match	match	true	true
text-90/a5/m1/n0/c1	match	match	true	true
text-90/a5/m1/n0/c2	match	match	true	true
text-90/a5/m1/n0/c3	match	match	true	true
text-90/a5/m1/n1/c0	match	match	true	true
text-90/a5/m1/n1/c1	match	match	true	true
text-90/a5/m1/n1/c2	match	match	true	true
text-90/a5/m1/n1/c3	match	match	true	true
text-90/a5/m2/n0/c0	match	match	true	true
text-90/a5/m2/n0/c1	match	match	true	true
text-90/a5/m2/n0/c2	match	match	true	true
text-90/a5/m2/n0/c3	match	match	true	true
text-90/a5/m2/n1/c0	match	match	true	true
text-90/a5/m2/n1/c1	match	match	true	true
text-90/a5/m2/n1/c2	match	match	true	true
text-90/a5/m2/n1/c3	match	match	true	true
text-90/a5/m3/n0/c0	match	match	true	true
text-90/a5/m3/n0/c1	match	match	true	true
text-90/a5/m3/n0/c2	match	match	true	true
text-90/a5/m3/n0/c3	match	match	true	true
text-90/a5/m3/n1/c0	match	match	true	true
text-90/a5/m3/n1/c1	match	match	true	true
text-90/a5/m3/n1/c2	match	match	true	true
text-90/a5/m3/n1/c3	match	match	true	true
text-90/a6/m0/n0/c0	match	match	true	true
text-90/a6/m0/n0/c1	match	match	true	true
text-90/a6/m0/n0/c2	match	match	true	true
text-90/a6/m0/n0/c3	match	match	true	true
text-90/a6/m0/n1/c0	match	match	true	true
text-90/a6/m0/n1/c1	match	match	true	true
text-90/a6/m0/n1/c2	match	match	true	true
text-90/a6/m0/n1/c3	match	match	true	true
text-90/a6/m1/n0/c0	match	match	true	true
text-90/a6/m1/n0/c1	match	match	true	true
text-90/a6/m1/n0/c2	match	match	true	true
text-90/a6/m1/n0/c3	match	match	true	true
text-90/a6/m1/n1/c0	match	match	true	true
text-90/a6/m1/n1/c1	match	match	true	true
text-90/a6/m1/n1/c2	match	match	true	true
text-90/a6/m1/n1/c3	match	match	true	true
text-90/a6/m2/n0/c0	match	match	true	true
text-90/a6/m2/n0/c1	match	match	true	true
text-90/a6/m2/n0/c2	match	match	true	true
text-90/a6/m2/n0/c3	match	match	true	true
text-90/a6/m2/n1/c0	match	match	true	true
text-90/a6/m2/n1/c1	match	match	true	true
text-90/a6/m2/n1/c2	match	match	true	true
text-90/a6/m2/n1/c3	match	match	true	true
text-90/a6/m3/n0/c0	match	match	true	true
text-90/a6/m3/n0/c1	match	match	true	true
text-90/a6/m3/n0/c2	match	match	true	true
text-90/a6/m3/n0/c3	match	match	true	true
text-90/a6/m3/n1/c0	match	match	true	true
text-90/a6/m3/n1/c1	match	match	true	true
text-90/a6/m3/n1/c2	match	match	true	true
text-90/a6/m3/n1/c3	match	match	true	true
text-90/a7/m0/n0/c0	match	match	true	true
text-90/a7/m0/n0/c1	match	match	true	true
text-90/a7/m0/n0/c2	match	match	true	true
text-90/a7/m0/n0/c3	match	match	true	true
text-90/a7/m0/n1/c0	match	match	true	true
text-90/a7/m0/n1/c1	match	match	true	true
text-90/a7/m0/n1/c2	match	match	true	true
text-90/a7/m0/n1/c3	match	match	true	true
text-90/a7/m1/n0/c0	match	match	true	true
text-90/a7/m1/n0/c1	match	match	true	true
text-90/a7/m1/n0/c2	match	match	true	true
text-90/a7/m1/n0/c3	match	match	true	true
text-90/a7/m1/n1/c0	match	match	true	true
text-90/a7/m1/n1/c1	match	match	true	true
text-90/a7/m1/n1/c2	match	match	true	true
text-90/a7/m1/n1/c3	match	match	true	true
text-90/a7/m2/n0/c0	match	match	true	true
text-90/a7/m2/n0/c1	match	match	true	true
text-90/a7/m2/n0/c2	match	match	true	true
text-90/a7/m2/n0/c3	match	match	true	true
text-90/a7/m2/n1/c0	match	match	true	true
text-90/a7/m2/n1/c1	match	match	true	true
text-90/a7/m2/n1/c2	match	match	true	true
text-90/a7/m2/n1/c3	match	match	true	true
text-90/a7/m3/n0/c0	match	match	true	true
text-90/a7/m3/n0/c1	match	match	true	true
text-90/a7/m3/n0/c2	match	match	true	true
text-90/a7/m3/n0/c3	match	match	true	true
text-90/a7/m3/n1/c0	match	match	true	true
text-90/a7/m3/n1/c1	match	match	true	true
text-90/a7/m3/n1/c2	match	match	true	true
text-90/a7/m3/n1/c3	match	match	true	true
text-a0/a0/m0/n0/c0	match	match	true	true
text-a0/a0/m0/n0/c1	match	match	true	true
text-a0/a0/m0/n0/c2	match	match	true	true
text-a0/a0/m0/n0/c3	match	match	true	true
text-a0/a0/m0/n1/c0	match	match	true	true
text-a0/a0/m0/n1/c1	match	match	true	true
text-a0/a0/m0/n1/c2	match	match	true	true
text-a0/a0/m0/n1/c3	match	match	true	true
text-a0/a0/m1/n0/c0	match	match	true	true
text-a0/a0/m1/n0/c1	match	match	true	true
text-a0/a0/m1/n0/c2	match	match	true	true
text-a0/a0/m1/n0/c3	match	match	true	true
text-a0/a0/m1/n1/c0	match	match	true	true
text-a0/a0/m1/n1/c1	match	match	true	true
text-a0/a0/m1/n1/c2	match	match	true	true
text-a0/a0/m1/n1/c3	match	match	true	true
text-a0/a0/m2/n0/c0	match	match	true	true
text-a0/a0/m2/n0/c1	match	match	true	true
text-a0/a0/m2/n0/c2	match	match	true	true
text-a0/a0/m2/n0/c3	match	match	true	true
text-a0/a0/m2/n1/c0	match	match	true	true
text-a0/a0/m2/n1/c1	match	match	true	true
text-a0/a0/m2/n1/c2	match	match	true	true
text-a0/a0/m2/n1/c3	match	match	true	true
text-a0/a0/m3/n0/c0	match	match	true	true
text-a0/a0/m3/n0/c1	match	match	true	true
text-a0/a0/m3/n0/c2	match	match	true	true
text-a0/a0/m3/n0/c3	match	match	true	true
text-a0/a0/m3/n1/c0	match	match	true	true
text-a0/a0/m3/n1/c1	match	match	true	true
text-a0/a0/m3/n1/c2	match	match	true	true
text-a0/a0/m3/n1/c3	match	match	true	true
text-a0/a1/m0/n0/c0	match	match	true	true
text-a0/a1/m0/n0/c1	match	match	true	true
text-a0/a1/m0/n0/c2	match	match	true	true
text-a0/a1/m0/n0/c3	match	match	true	true
text-a0/a1/m0/n1/c0	match	match	true	true
text-a0/a1/m0/n1/c1	match	match	true	true
text-a0/a1/m0/n1/c2	match	match	true	true
text-a0/a1/m0/n1/c3	match	match	true	true
text-a0/a1/m1/n0/c0	match	match	true	true
text-a0/a1/m1/n0/c1	match	match	true	true
text-a0/a1/m1/n0/c2	match	match	true	true
text-a0/a1/m1/n0/c3	match	match	true	true
text-a0/a1/m1/n1/c0	match	match	true	true
text-a0/a1/m1/n1/c1	match	match	true	true
text-a0/a1/m1/n1/c2	match	match	true	true
text-a0/a1/m1/n1/c3	match	match	true	true
text-a0/a1/m2/n0/c0	match	match	true	true
text-a0/a1/m2/n0/c1	match	match	true	true
text-a0/a1/m2/n0/c2	match	match	true	true
text-a0/a1/m2/n0/c3	match	match	true	true
text-a0/a1/m2/n1/c0	match	match	true	true
text-a0/a1/m2/n1/c1	match	match	true	true
text-a0/a1/m2/n1/c2	match	match	true	true
text-a0/a1/m2/n1/c3	match	match	true	true
text-a0/a1/m3/n0/c0	match	match	true	true
text-a0/a1/m3/n0/c1	match	match	true	true
text-a0/a1/m3/n0/c2	match	match	true	true
text-a0/a1/m3/n0/c3	match	match	true	true
text-a0/a1/m3/n1/c0	match	match	true	true
text-a0/a1/m3/n1/c1	match	match	true	true
text-a0/a1/m3/n1/c2	match	match	true	true
text-a0/a1/m3/n1/c3	match	match	true	true
text-a0/a2/m0/n0/c0	match	match	true	true
text-a0/a2/m0/n0/c1	match	match	true	true
text-a0/a2/m0/n0/c2	match	match	true	true
text-a0/a2/m0/n0/c3	match	match	true	true
text-a0/a2/m0/n1/c0	match	match	true	true
text-a0/a2/m0/n1/c1	match	match	true	true
text-a0/a2/m0/n1/c2	match	match	true	true
text-a0/a2/m0/n1/c3	match	match	true	true
text-a0/a2/m1/n0/c0	match	match	true	true
text-a0/a2/m1/n0/c1	match	match	true	true
text-a0/a2/m1/n0/c2	match	match	true	true
text-a0/a2/m1/n0/c3	match	match	true	true
text-a0/a2/m1/n1/c0	match	match	true	true
text-a0/a2/m1/n1/c1	match	match	true	true
text-a0/a2/m1/n1/c2	match	match	true	true
text-a0/a2/m1/n1/c3	match	match	true	true
text-a0/a2/m2/n0/c0	match	match	true	true
text-a0/a2/m2/n0/c1	match	match	true	true
text-a0/a2/m2/n0/c2	match	match	true	true
text-a0/a2/m2/n0/c3	match	match	true	true
text-a0/a2/m2/n1/c0	match	match	true	true
text-a0/a2/m2/n1/c1	match	match	true	true
text-a0/a2/m2/n1/c2	match	match	true	true
text-a0/a2/m2/n1/c3	match	match	true	true
text-a0/a2/m3/n0/c0	match	match	true	true
text-a0/a2/m3/n0/c1	match	match	true	true
text-a0/a2/m3/n0/c2	match	match	true	true
text-a0/a2/m3/n0/c3	match	match	true	true
text-a0/a2/m3/n1/c0	match	match	true	true
text-a0/a2/m3/n1/c1	match	match	true	true
text-a0/a2/m3/n1/c2	match	match	true	true
text-a0/a2/m3/n1/c3	match	match	true	true
text-a0/a3/m0/n0/c0	match	match	true	true
text-a0/a3/m0/n0/c1	match	match	true	true
text-a0/a3/m0/n0/c2	match	match	true	true
text-a0/a3/m0/n0/c3	match	match	true	true
text-a0/a3/m0/n1/c0	match	match	true	true
text-a0/a3/m0/n1/c1	match	match	true	true
text-a0/a3/m0/n1/c2	match	match	true	true
text-a0/a3/m0/n1/c3	match	match	true	true
text-a0/a3/m1/n0/c0	match	match	true	true
text-a0/a3/m1/n0/c1	match	match	true	true
text-a0/a3/m1/n0/c2	match	match	true	true
text-a0/a3/m1/n0/c3	match	match	true	true
text-a0/a3/m1/n1/c0	match	match	true	true
text-a0/a3/m1/n1/c1	match	match	true	true
text-a0/a3/m1/n1/c2	match	match	true	true
text-a0/a3/m1/n1/c3	match	match	true	true
text-a0/a3/m2/n0/c0	match	match	true	true
text-a0/a3/m2/n0/c1	match	match	true	true
text-a0/a3/m2/n0/c2	match	match	true	true
text-a0/a3/m2/n0/c3	match	match	true	true
text-a0/a3/m2/n1/c0	match	match	true	true
text-a0/a3/m2/n1/c1	match	match	true	true
text-a0/a3/m2/n1/c2	match	match	true	true
text-a0/a3/m2/n1/c3	match	match	true	true
text-a0/a3/m3/n0/c0	match	match	true	true
text-a0/a3/m3/n0/c1	match	match	true	true
text-a0/a3/m3/n0/c2	match	match	true	true
text-a0/a3/m3/n0/c3	match	match	true	true
text-a0/a3/m3/n1/c0	match	match	true	true
text-a0/a3/m3/n1/c1	match	match	true	true
text-a0/a3/m3/n1/c2	match	match	true	true
text-a0/a3/m3/n1/c3	match	match	true	true
text-a0/a4/m0/n0/c0	match	match	true	true
text-a0/a4/m0/n0/c1	match	match	true	true
text-a0/a4/m0/n0/c2	match	match	true	true
text-a0/a4/m0/n0/c3	match	match	true	true
text-a0/a4/m0/n1/c0	match	match	true	true
text-a0/a4/m0/n1/c1	match	match	true	true
text-a0/a4/m0/n1/c2	match	match	true	true
text-a0/a4/m0/n1/c3	match	match	true	true
text-a0/a4/m1/n0/c0	match	match	true	true
text-a0/a4/m1/n0/c1	match	match	true	true
text-a0/a4/m1/n0/c2	match	match	true	true
text-a0/a4/m1/n0/c3	match	match	true	true
text-a0/a4/m1/n1/c0	match	match	true	true
text-a0/a4/m1/n1/c1	match	match	true	true
text-a0/a4/m1/n1/c2	match	match	true	true
text-a0/a4/m1/n1/c3	match	match	true	true
text-a0/a4/m2/n0/c0	match	match	true	true
text-a0/a4/m2/n0/c1	match	match	true	true
text-a0/a4/m2/n0/c2	match	match	true	true
text-a0/a4/m2/n0/c3	match	match	true	true
text-a0/a4/m2/n1/c0	match	match	true	true
text-a0/a4/m2/n1/c1	match	match	true	true
text-a0/a4/m2/n1/c2	match	match	true	true
text-a0/a4/m2/n1/c3	match	match	true	true
text-a0/a4/m3/n0/c0	match	match	true	true
text-a0/a4/m3/n0/c1	match	match	true	true
text-a0/a4/m3/n0/c2	match	match	true	true
text-a0/a4/m3/n0/c3	match	match	true	true
text-a0/a4/m3/n1/c0	match	match	true	true
text-a0/a4/m3/n1/c1	match	match	true	true
text-a0/a4/m3/n1/c2	match	match	true	true
text-a0/a4/m3/n1/c3	match	match	true	true
text-a0/a5/m0/n0/c0	match	match	true	true
text-a0/a5/m0/n0/c1	match	match	true	true
text-a0/a5/m0/n0/c2	match	match	true	true
text-a0/a5/m0/n0/c3	match	match	true	true
text-a0/a5/m0/n1/c0	match	match	true	true
text-a0/a5/m0/n1/c1	match	match	true	true
text-a0/a5/m0/n1/c2	match	match	true	true
text-a0/a5/m0/n1/c3	match	match	true	true
text-a0/a5/m1/n0/c0	match	match	true	true
text-a0/a5/m1/n0/c1	match	match	true	true
text-a0/a5/m1/n0/c2	match	match	true	true
text-a0/a5/m1/n0/c3	match	match	true	true
text-a0/a5/m1/n1/c0	match	match	true	true
text-a0/a5/m1/n1/c1	match	match	true	true
text-a0/a5/m1/n1/c2	match	match	true	true
text-a0/a5/m1/n1/c3	match	match	true	true
text-a0/a5/m2/n0/c0	match	match	true	true
text-a0/a5/m2/n0/c1	match	match	true	true
text-a0/a5/m2/n0/c2	match	match	true	true
text-a0/a5/m2/n0/c3	match	match	true	true
text-a0/a5/m2/n1/c0	match	match	true	true
text-a0/a5/m2/n1/c1	match	match	true	true
text-a0/a5/m2/n1/c2	match	match	true	true
text-a0/a5/m2/n1/c3	match	match	true	true
text-a0/a5/m3/n0/c0	match	match	true	true
text-a0/a5/m3/n0/c1	match	match	true	true
text-a0/a5/m3/n0/c2	match	match	true	true
text-a0/a5/m3/n0/c3	match	match	true	true
text-a0/a5/m3/n1/c0	match	match	true	true
text-a0/a5/m3/n1/c1	match	match	true	true
text-a0/a5/m3/n1/c2	match	match	true	true
text-a0/a5/m3/n1/c3	match	match	true	true
text-a0/a6/m0/n0/c0	match	match	true	true
text-a0/a6/m0/n0/c1	match	match	true	true
text-a0/a6/m0/n0/c2	match	match	true	true
text-a0/a6/m0/n0/c3	match	match	true	true
text-a0/a6/m0/n1/c0	match	match	true	true
text-a0/a6/m0/n1/c1	match	match	true	true
text-a0/a6/m0/n1/c2	match	match	true	true
text-a0/a6/m0/n1/c3	match	match	true	true
text-a0/a6/m1/n0/c0	match	match	true	true
text-a0/a6/m1/n0/c1	match	match	true	true
text-a0/a6/m1/n0/c2	match	match	true	true
text-a0/a6/m1/n0/c3	match	match	true	true
text-a0/a6/m1/n1/c0	match	match	true	true
text-a0/a6/m1/n1/c1	match	match	true	true
text-a0/a6/m1/n1/c2	match	match	true	true
text-a0/a6/m1/n1/c3	match	match	true	true
text-a0/a6/m2/n0/c0	match	match	true	true
text-a0/a6/m2/n0/c1	match	match	true	true
text-a0/a6/m2/n0/c2	match	match	true	true
text-a0/a6/m2/n0/c3	match	match	true	true
text-a0/a6/m2/n1/c0	match	match	true	true
text-a0/a6/m2/n1/c1	match	match	true	true
text-a0/a6/m2/n1/c2	match	match	true	true
text-a0/a6/m2/n1/c3	match	match	true	true
text-a0/a6/m3/n0/c0	match	match	true	true
text-a0/a6/m3/n0/c1	match	match	true	true
text-a0/a6/m3/n0/c2	match	match	true	true
text-a0/a6/m3/n0/c3	match	match	true	true
text-a0/a6/m3/n1/c0	match	match	true	true
text-a0/a6/m3/n1/c1	match	match	true	true
text-a0/a6/m3/n1/c2	match	match	true	true
text-a0/a6/m3/n1/c3	match	match	true	true
text-a0/a7/m0/n0/c0	match	match	true	true
text-a0/a7/m0/n0/c1	match	match	true	true
text-a0/a7/m0/n0/c2	match	match	true	true
text-a0/a7/m0/n0/c3	match	match	true	true
text-a0/a7/m0/n1/c0	match	match	true	true
text-a0/a7/m0/n1/c1	match	match	true	true
text-a0/a7/m0/n1/c2	match	match	true	true
text-a0/a7/m0/n1/c3	match	match	true	true
text-a0/a7/m1/n0/c0	match	match	true	true
text-a0/a7/m1/n0/c1	match	match	true	true
text-a0/a7/m1/n0/c2	match	match	true	true
text-a0/a7/m1/n0/c3	match	match	true	true
text-a0/a7/m1/n1/c0	match	match	true	true
text-a0/a7/m1/n1/c1	match	match	true	true
text-a0/a7/m1/n1/c2	match	match	true	true
text-a0/a7/m1/n1/c3	match	match	true	true
text-a0/a7/m2/n0/c0	match	match	true	true
text-a0/a7/m2/n0/c1	match	match	true	true
text-a0/a7/m2/n0/c2	match	match	true	true
text-a0/a7/m2/n0/c3	match	match	true	true
text-a0/a7/m2/n1/c0	match	match	true	true
text-a0/a7/m2/n1/c1	match	match	true	true
text-a0/a7/m2/n1/c2	match	match	true	true
text-a0/a7/m2/n1/c3	match	match	true	true
text-a0/a7/m3/n0/c0	match	match	true	true
text-a0/a7/m3/n0/c1	match	match	true	true
text-a0/a7/m3/n0/c2	match	match	true	true
text-a0/a7/m3/n0/c3	match	match	true	true
text-a0/a7/m3/n1/c0	match	match	true	true
text-a0/a7/m3/n1/c1	match	match	true	true
text-a0/a7/m3/n1/c2	match	match	true	true
text-a0/a7/m3/n1/c3	match	match	true	true
text-b0/a0/m0/n0/c0	match	match	true	true
text-b0/a0/m0/n0/c1	match	match	true	true
text-b0/a0/m0/n0/c2	match	match	true	true
text-b0/a0/m0/n0/c3	match	match	true	true
text-b0/a0/m0/n1/c0	match	match	true	true
text-b0/a0/m0/n1/c1	match	match	true	true
text-b0/a0/m0/n1/c2	match	match	true	true
text-b0/a0/m0/n1/c3	match	match	true	true
text-b0/a0/m1/n0/c0	match	match	true	true
text-b0/a0/m1/n0/c1	match	match	true	true
text-b0/a0/m1/n0/c2	match	match	true	true
text-b0/a0/m1/n0/c3	match	match	true	true
text-b0/a0/m1/n1/c0	match	match	true	true
text-b0/a0/m1/n1/c1	match	match	true	true
text-b0/a0/m1/n1/c2	match	match	true	true
text-b0/a0/m1/n1/c3	match	match	true	true
text-b0/a0/m2/n0/c0	match	match	true	true
text-b0/a0/m2/n0/c1	match	match	true	true
text-b0/a0/m2/n0/c2	match	match	true	true
text-b0/a0/m2/n0/c3	match	match	true	true
text-b0/a0/m2/n1/c0	match	match	true	true
text-b0/a0/m2/n1/c1	match	match	true	true
text-b0/a0/m2/n1/c2	match	match	true	true
text-b0/a0/m2/n1/c3	match	match	true	true
text-b0/a0/m3/n0/c0	match	match	true	true
text-b0/a0/m3/n0/c1	match	match	true	true
text-b0/a0/m3/n0/c2	match	match	true	true
text-b0/a0/m3/n0/c3	match	match	true	true
text-b0/a0/m3/n1/c0	match	match	true	true
text-b0/a0/m3/n1/c1	match	match	true	true
text-b0/a0/m3/n1/c2	match	match	true	true
text-b0/a0/m3/n1/c3	match	match	true	true
text-b0/a1/m0/n0/c0	match	match	true	true
text-b0/a1/m0/n0/c1	match	match	true	true
text-b0/a1/m0/n0/c2	match	match	true	true
text-b0/a1/m0/n0/c3	match	match	true	true
text-b0/a1/m0/n1/c0	match	match	true	true
text-b0/a1/m0/n1/c1	match	match	true	true
text-b0/a1/m0/n1/c2	match	match	true	true
text-b0/a1/m0/n1/c3	match	match	true	true
text-b0/a1/m1/n0/c0	match	match	true	true
text-b0/a1/m1/n0/c1	match	match	true	true
text-b0/a1/m1/n0/c2	match	match	true	true
text-b0/a1/m1/n0/c3	match	match	true	true
text-b0/a1/m1/n1/c0	match	match	true	true
text-b0/a1/m1/n1/c1	match	match	true	true
text-b0/a1/m1/n1/c2	match	match	true	true
text-b0/a1/m1/n1/c3	match	match	true	true
text-b0/a1/m2/n0/c0	match	match	true	true
text-b0/a1/m2/n0/c1	match	match	true	true
text-b0/a1/m2/n0/c2	match	match	true	true
text-b0/a1/m2/n0/c3	match	match	true	true
text-b0/a1/m2/n1/c0	match	match	true	true
text-b0/a1/m2/n1/c1	match	match	true	true
text-b0/a1/m2/n1/c2	match	match	true	true
text-b0/a1/m2/n1/c3	match	match	true	true
text-b0/a1/m3/n0/c0	match	match	true	true
text-b0/a1/m3/n0/c1	match	match	true	true
text-b0/a1/m3/n0/c2	match	match	true	true
text-b0/a1/m3/n0/c3	match	match	true	true
text-b0/a1/m3/n1/c0	match	match	true	true
text-b0/a1/m3/n1/c1	match	match	true	true
text-b0/a1/m3/n1/c2	match	match	true	true
text-b0/a1/m3/n1/c3	match	match	true	true
text-b0/a2/m0/n0/c0	match	match	true	true
text-b0/a2/m0/n0/c1	match	match	true	true
text-b0/a2/m0/n0/c2	match	match	true	true
text-b0/a2/m0/n0/c3	match	match	true	true
text-b0/a2/m0/n1/c0	match	match	true	true
text-b0/a2/m0/n1/c1	match	match	true	true
text-b0/a2/m0/n1/c2	match	match	true	true
text-b0/a2/m0/n1/c3	match	match	true	true
text-b0/a2/m1/n0/c0	match	match	true	true
text-b0/a2/m1/n0/c1	match	match	true	true
text-b0/a2/m1/n0/c2	match	match	true	true
text-b0/a2/m1/n0/c3	match	match	true	true
text-b0/a2/m1/n1/c0	match	match	true	true
text-b0/a2/m1/n1/c1	match	match	true	true
text-b0/a2/m1/n1/c2	match	match	true	true
text-b0/a2/m1/n1/c3	match	match	true	true
text-b0/a2/m2/n0/c0	match	match	true	true
text-b0/a2/m2/n0/c1	match	match	true	true
text-b0/a2/m2/n0/c2	match	match	true	true
text-b0/a2/m2/n0/c3	match	match	true	true
text-b0/a2/m2/n1/c0	match	match	true	true
text-b0/a2/m2/n1/c1	match	match	true	true
text-b0/a2/m2/n1/c2	match	match	true	true
text-b0/a2/m2/n1/c3	match	match	true	true
text-b0/a2/m3/n0/c0	match	match	true	true
text-b0/a2/m3/n0/c1	match	match	true	true
text-b0/a2/m3/n0/c2	match	match	true	true
text-b0/a2/m3/n0/c3	match	match	true	true
text-b0/a2/m3/n1/c0	match	match	true	true
text-b0/a2/m3/n1/c1	match	match	true	true
text-b0/a2/m3/n1/c2	match	match	true	true
text-b0/a2/m3/n1/c3	match	match	true	true
text-b0/a3/m0/n0/c0	match	match	true	true
text-b0/a3/m0/n0/c1	match	match	true	true
text-b0/a3/m0/n0/c2	match	match	true	true
text-b0/a3/m0/n0/c3	match	match	true	true
text-b0/a3/m0/n1/c0	match	match	true	true
text-b0/a3/m0/n1/c1	match	match	true	true
text-b0/a3/m0/n1/c2	match	match	true	true
text-b0/a3/m0/n1/c3	match	match	true	true
text-b0/a3/m1/n0/c0	match	match	true	true
text-b0/a3/m1/n0/c1	match	match	true	true
text-b0/a3/m1/n0/c2	match	match	true	true
text-b0/a3/m1/n0/c3	match	match	true	true
text-b0/a3/m1/n1/c0	match	match	true	true
text-b0/a3/m1/n1/c1	match	match	true	true
text-b0/a3/m1/n1/c2	match	match	true	true
text-b0/a3/m1/n1/c3	match	match	true	true
text-b0/a3/m2/n0/c0	match	match	true	true
text-b0/a3/m2/n0/c1	match	match	true	true
text-b0/a3/m2/n0/c2	match	match	true	true
text-b0/a3/m2/n0/c3	match	match	true	true
text-b0/a3/m2/n1/c0	match	match	true	true
text-b0/a3/m2/n1/c1	match	match	true	true
text-b0/a3/m2/n1/c2	match	match	true	true
text-b0/a3/m2/n1/c3	match	match	true	true
text-b0/a3/m3/n0/c0	match	match	true	true
text-b0/a3/m3/n0/c1	match	match	true	true
text-b0/a3/m3/n0/c2	match	match	true	true
text-b0/a3/m3/n0/c3	match	match	true	true
text-b0/a3/m3/n1/c0	match	match	true	true
text-b0/a3/m3/n1/c1	match	match	true	true
text-b0/a3/m3/n1/c2	match	match	true	true
text-b0/a3/m3/n1/c3	match	match	true	true
text-b0/a4/m0/n0/c0	match	match	true	true
text-b0/a4/m0/n0/c1	match	match	true	true
text-b0/a4/m0/n0/c2	match	match	true	true
text-b0/a4/m0/n0/c3	match	match	true	true
text-b0/a4/m0/n1/c0	match	match	true	true
text-b0/a4/m0/n1/c1	match	match	true	true
text-b0/a4/m0/n1/c2	match	match	true	true
text-b0/a4/m0/n1/c3	match	match	true	true
text-b0/a4/m1/n0/c0	match	match	true	true
text-b0/a4/m1/n0/c1	match	match	true	true
text-b0/a4/m1/n0/c2	match	match	true	true
text-b0/a4/m1/n0/c3	match	match	true	true
text-b0/a4/m1/n1/c0	match	match	true	true
text-b0/a4/m1/n1/c1	match	match	true	true
text-b0/a4/m1/n1/c2	match	match	true	true
text-b0/a4/m1/n1/c3	match	match	true	true
text-b0/a4/m2/n0/c0	match	match	true	true
text-b0/a4/m2/n0/c1	match	match	true	true
text-b0/a4/m2/n0/c2	match	match	true	true
text-b0/a4/m2/n0/c3	match	match	true	true
text-b0/a4/m2/n1/c0	match	match	true	true
text-b0/a4/m2/n1/c1	match	match	true	true
text-b0/a4/m2/n1/c2	match	match	true	true
text-b0/a4/m2/n1/c3	match	match	true	true
text-b0/a4/m3/n0/c0	match	match	true	true
text-b0/a4/m3/n0/c1	match	match	true	true
text-b0/a4/m3/n0/c2	match	match	true	true
text-b0/a4/m3/n0/c3	match	match	true	true
text-b0/a4/m3/n1/c0	match	match	true	true
text-b0/a4/m3/n1/c1	match	match	true	true
text-b0/a4/m3/n1/c2	match	match	true	true
text-b0/a4/m3/n1/c3	match	match	true	true
text-b0/a5/m0/n0/c0	match	match	true	true
text-b0/a5/m0/n0/c1	match	match	true	true
text-b0/a5/m0/n0/c2	match	match	true	true
text-b0/a5/m0/n0/c3	match	match	true	true
text-b0/a5/m0/n1/c0	match	match	true	true
text-b0/a5/m0/n1/c1	match	match	true	true
text-b0/a5/m0/n1/c2	match	match	true	true
text-b0/a5/m0/n1/c3	match	match	true	true
text-b0/a5/m1/n0/c0	match	match	true	true
text-b0/a5/m1/n0/c1	match	match	true	true
text-b0/a5/m1/n0/c2	match	match	true	true
text-b0/a5/m1/n0/c3	match	match	true	true
text-b0/a5/m1/n1/c0	match	match	true	true
text-b0/a5/m1/n1/c1	match	match	true	true
text-b0/a5/m1/n1/c2	match	match	true	true
text-b0/a5/m1/n1/c3	match	match	true	true
text-b0/a5/m2/n0/c0	match	match	true	true
text-b0/a5/m2/n0/c1	match	match	true	true
text-b0/a5/m2/n0/c2	match	match	true	true
text-b0/a5/m2/n0/c3	match	match	true	true
text-b0/a5/m2/n1/c0	match	match	true	true
text-b0/a5/m2/n1/c1	match	match	true	true
text-b0/a5/m2/n1/c2	match	match	true	true
text-b0/a5/m2/n1/c3	match	match	true	true
text-b0/a5/m3/n0/c0	match	match	true	true
text-b0/a5/m3/n0/c1	match	match	true	true
text-b0/a5/m3/n0/c2	match	match	true	true
text-b0/a5/m3/n0/c3	match	match	true	true
text-b0/a5/m3/n1/c0	match	match	true	true
text-b0/a5/m3/n1/c1	match	match	true	true
text-b0/a5/m3/n1/c2	match	match	true	true
text-b0/a5/m3/n1/c3	match	match	true	true
text-b0/a6/m0/n0/c0	match	match	true	true
text-b0/a6/m0/n0/c1	match	match	true	true
text-b0/a6/m0/n0/c2	match	match	true	true
text-b0/a6/m0/n0/c3	match	match	true	true
text-b0/a6/m0/n1/c0	match	match	true	true
text-b0/a6/m0/n1/c1	match	match	true	true
text-b0/a6/m0/n1/c2	match	match	true	true
text-b0/a6/m0/n1/c3	match	match	true	true
text-b0/a6/m1/n0/c0	match	match	true	true
text-b0/a6/m1/n0/c1	match	match	true	true
text-b0/a6/m1/n0/c2	match	match	true	true
text-b0/a6/m1/n0/c3	match	match	true	true
text-b0/a6/m1/n1/c0	match	match	true	true
text-b0/a6/m1/n1/c1	match	match	true	true
text-b0/a6/m1/n1/c2	match	match	true	true
text-b0/a6/m1/n1/c3	match	match	true	true
text-b0/a6/m2/n0/c0	match	match	true	true
text-b0/a6/m2/n0/c1	match	match	true	true
text-b0/a6/m2/n0/c2	match	match	true	true
text-b0/a6/m2/n0/c3	match	match	true	true
text-b0/a6/m2/n1/c0	match	match	true	true
text-b0/a6/m2/n1/c1	match	match	true	true
text-b0/a6/m2/n1/c2	match	match	true	true
text-b0/a6/m2/n1/c3	match	match	true	true
text-b0/a6/m3/n0/c0	match	match	true	true
text-b0/a6/m3/n0/c1	match	match	true	true
text-b0/a6/m3/n0/c2	match	match	true	true
text-b0/a6/m3/n0/c3	match	match	true	true
text-b0/a6/m3/n1/c0	match	match	true	true
text-b0/a6/m3/n1/c1	match	match	true	true
text-b0/a6/m3/n1/c2	match	match	true	true
text-b0/a6/m3/n1/c3	match	match	true	true
text-b0/a7/m0/n0/c0	match	match	true	true
text-b0/a7/m0/n0/c1	match	match	true	true
text-b0/a7/m0/n0/c2	match	match	true	true
text-b0/a7/m0/n0/c3	match	match	true	true
text-b0/a7/m0/n1/c0	match	match	true	true
text-b0/a7/m0/n1/c1	match	match	true	true
text-b0/a7/m0/n1/c2	match	match	true	true
text-b0/a7/m0/n1/c3	match	match	true	true
text-b0/a7/m1/n0/c0	match	match	true	true
text-b0/a7/m1/n0/c1	match	match	true	true
text-b0/a7/m1/n0/c2	match	match	true	true
text-b0/a7/m1/n0/c3	match	match	true	true
text-b0/a7/m1/n1/c0	match	match	true	true
text-b0/a7/m1/n1/c1	match	match	true	true
text-b0/a7/m1/n1/c2	match	match	true	true
text-b0/a7/m1/n1/c3	match	match	true	true
text-b0/a7/m2/n0/c0	match	match	true	true
text-b0/a7/m2/n0/c1	match	match	true	true
text-b0/a7/m2/n0/c2	match	match	true	true
text-b0/a7/m2/n0/c3	match	match	true	true
text-b0/a7/m2/n1/c0	match	match	true	true
text-b0/a7/m2/n1/c1	match	match	true	true
text-b0/a7/m2/n1/c2	match	match	true	true
text-b0/a7/m2/n1/c3	match	match	true	true
text-b0/a7/m3/n0/c0	match	match	true	true
text-b0/a7/m3/n0/c1	match	match	true	true
text-b0/a7/m3/n0/c2	match	match	true	true
text-b0/a7/m3/n0/c3	match	match	true	true
text-b0/a7/m3/n1/c0	match	match	true	true
text-b0/a7/m3/n1/c1	match	match	true	true
text-b0/a7/m3/n1/c2	match	match	true	true
text-b0/a7/m3/n1/c3	match	match	true	true
text-c0/a0/m0/n0/c0	match	match	true	true
text-c0/a0/m0/n0/c1	match	match	true	true
text-c0/a0/m0/n0/c2	match	match	true	true
text-c0/a0/m0/n0/c3	match	match	true	true
text-c0/a0/m0/n1/c0	match	match	true	true
text-c0/a0/m0/n1/c1	match	match	true	true
text-c0/a0/m0/n1/c2	match	match	true	true
text-c0/a0/m0/n1/c3	match	match	true	true
text-c0/a0/m1/n0/c0	match	match	true	true
text-c0/a0/m1/n0/c1	match	match	true	true
text-c0/a0/m1/n0/c2	match	match	true	true
text-c0/a0/m1/n0/c3	match	match	true	true
text-c0/a0/m1/n1/c0	match	match	true	true
text-c0/a0/m1/n1/c1	match	match	true	true
text-c0/a0/m1/n1/c2	match	match	true	true
text-c0/a0/m1/n1/c3	match	match	true	true
text-c0/a0/m2/n0/c0	match	match	true	true
text-c0/a0/m2/n0/c1	match	match	true	true
text-c0/a0/m2/n0/c2	match	match	true	true
text-c0/a0/m2/n0/c3	match	match	true	true
text-c0/a0/m2/n1/c0	match	match	true	true
text-c0/a0/m2/n1/c1	match	match	true	true
text-c0/a0/m2/n1/c2	match	match	true	true
text-c0/a0/m2/n1/c3	match	match	true	true
text-c0/a0/m3/n0/c0	match	match	true	true
text-c0/a0/m3/n0/c1	match	match	true	true
text-c0/a0/m3/n0/c2	match	match	true	true
text-c0/a0/m3/n0/c3	match	match	true	true
text-c0/a0/m3/n1/c0	match	match	true	true
text-c0/a0/m3/n1/c1	match	match	true	true
text-c0/a0/m3/n1/c2	match	match	true	true
text-c0/a0/m3/n1/c3	match	match	true	true
text-c0/a1/m0/n0/c0	match	match	true	true
text-c0/a1/m0/n0/c1	match	match	true	true
text-c0/a1/m0/n0/c2	match	match	true	true
text-c0/a1/m0/n0/c3	match	match	true	true
text-c0/a1/m0/n1/c0	match	match	true	true
text-c0/a1/m0/n1/c1	match	match	true	true
text-c0/a1/m0/n1/c2	match	match	true	true
text-c0/a1/m0/n1/c3	match	match	true	true
text-c0/a1/m1/n0/c0	match	match	true	true
text-c0/a1/m1/n0/c1	match	match	true	true
text-c0/a1/m1/n0/c2	match	match	true	true
text-c0/a1/m1/n0/c3	match	match	true	true
text-c0/a1/m1/n1/c0	match	match	true	true
text-c0/a1/m1/n1/c1	match	match	true	true
text-c0/a1/m1/n1/c2	match	match	true	true
text-c0/a1/m1/n1/c3	match	match	true	true
text-c0/a1/m2/n0/c0	match	match	true	true
text-c0/a1/m2/n0/c1	match	match	true	true
text-c0/a1/m2/n0/c2	match	match	true	true
text-c0/a1/m2/n0/c3	match	match	true	true
text-c0/a1/m2/n1/c0	match	match	true	true
text-c0/a1/m2/n1/c1	match	match	true	true
text-c0/a1/m2/n1/c2	match	match	true	true
text-c0/a1/m2/n1/c3	match	match	true	true
text-c0/a1/m3/n0/c0	match	match	true	true
text-c0/a1/m3/n0/c1	match	match	true	true
text-c0/a1/m3/n0/c2	match	match	true	true
text-c0/a1/m3/n0/c3	match	match	true	true
text-c0/a1/m3/n1/c0	match	match	true	true
text-c0/a1/m3/n1/c1	match	match	true	true
text-c0/a1/m3/n1/c2	match	match	true	true
text-c0/a1/m3/n1/c3	match	match	true	true
text-c0/a2/m0/n0/c0	match	match	true	true
text-c0/a2/m0/n0/c1	match	match	true	true
text-c0/a2/m0/n0/c2	match	match	true	true
text-c0/a2/m0/n0/c3	match	match	true	true
text-c0/a2/m0/n1/c0	match	match	true	true
text-c0/a2/m0/n1/c1	match	match	true	true
text-c0/a2/m0/n1/c2	match	match	true	true
text-c0/a2/m0/n1/c3	match	match	true	true
text-c0/a2/m1/n0/c0	match	match	true	true
text-c0/a2/m1/n0/c1	match	match	true	true
text-c0/a2/m1/n0/c2	match	match	true	true
text-c0/a2/m1/n0/c3	match	match	true	true
text-c0/a2/m1/n1/c0	match	match	true	true
text-c0/a2/m1/n1/c1	match	match	true	true
text-c0/a2/m1/n1/c2	match	match	true	true
text-c0/a2/m1/n1/c3	match	match	true	true
text-c0/a2/m2/n0/c0	match	match	true	true
text-c0/a2/m2/n0/c1	match	match	true	true
text-c0/a2/m2/n0/c2	match	match	true	true
text-c0/a2/m2/n0/c3	match	match	true	true
text-c0/a2/m2/n1/c0	match	match	true	true
text-c0/a2/m2/n1/c1	match	match	true	true
text-c0/a2/m2/n1/c2	match	match	true	true
text-c0/a2/m2/n1/c3	match	match	true	true
text-c0/a2/m3/n0/c0	match	match	true	true
text-c0/a2/m3/n0/c1	match	match	true	true
text-c0/a2/m3/n0/c2	match	match	true	true
text-c0/a2/m3/n0/c3	match	match	true	true
text-c0/a2/m3/n1/c0	match	match	true	true
text-c0/a2/m3/n1/c1	match	match	true	true
text-c0/a2/m3/n1/c2	match	match	true	true
text-c0/a2/m3/n1/c3	match	match	true	true
text-c0/a3/m0/n0/c0	match	match	true	true
text-c0/a3/m0/n0/c1	match	match	true	true
text-c0/a3/m0/n0/c2	match	match	true	true
text-c0/a3/m0/n0/c3	match	match	true	true
text-c0/a3/m0/n1/c0	match	match	true	true
text-c0/a3/m0/n1/c1	match	match	true	true
text-c0/a3/m0/n1/c2	match	match	true	true
text-c0/a3/m0/n1/c3	match	match	true	true
text-c0/a3/m1/n0/c0	match	match	true	true
text-c0/a3/m1/n0/c1	match	match	true	true
text-c0/a3/m1/n0/c2	match	match	true	true
text-c0/a3/m1/n0/c3	match	match	true	true
text-c0/a3/m1/n1/c0	match	match	true	true
text-c0/a3/m1/n1/c1	match	match	true	true
text-c0/a3/m1/n1/c2	match	match	true	true
text-c0/a3/m1/n1/c3	match	match	true	true
text-c0/a3/m2/n0/c0	match	match	true	true
text-c0/a3/m2/n0/c1	match	match	true	true
text-c0/a3/m2/n0/c2	match	match	true	true
text-c0/a3/m2/n0/c3	match	match	true	true
text-c0/a3/m2/n1/c0	match	match	true	true
text-c0/a3/m2/n1/c1	match	match	true	true
text-c0/a3/m2/n1/c2	match	match	true	true
text-c0/a3/m2/n1/c3	match	match	true	true
text-c0/a3/m3/n0/c0	match	match	true	true
text-c0/a3/m3/n0/c1	match	match	true	true
text-c0/a3/m3/n0/c2	match	match	true	true
text-c0/a3/m3/n0/c3	match	match	true	true
text-c0/a3/m3/n1/c0	match	match	true	true
text-c0/a3/m3/n1/c1	match	match	true	true
text-c0/a3/m3/n1/c2	match	match	true	true
text-c0/a3/m3/n1/c3	match	match	true	true
text-c0/a4/m0/n0/c0	match	match	true	true
text-c0/a4/m0/n0/c1	match	match	true	true
text-c0/a4/m0/n0/c2	match	match	true	true
text-c0/a4/m0/n0/c3	match	match	true	true
text-c0/a4/m0/n1/c0	match	match	true	true
text-c0/a4/m0/n1/c1	match	match	true	true
text-c0/a4/m0/n1/c2	match	match	true	true
text-c0/a4/m0/n1/c3	match	match	true	true
text-c0/a4/m1/n0/c0	match	match	true	true
text-c0/a4/m1/n0/c1	match	match	true	true
text-c0/a4/m1/n0/c2	match	match	true	true
text-c0/a4/m1/n0/c3	match	match	true	true
text-c0/a4/m1/n1/c0	match	match	true	true
text-c0/a4/m1/n1/c1	match	match	true	true
text-c0/a4/m1/n1/c2	match	match	true	true
text-c0/a4/m1/n1/c3	match	match	true	true
text-c0/a4/m2/n0/c0	match	match	true	true
text-c0/a4/m2/n0/c1	match	match	true	true
text-c0/a4/m2/n0/c2	match	match	true	true
text-c0/a4/m2/n0/c3	match	match	true	true
text-c0/a4/m2/n1/c0	match	match	true	true
text-c0/a4/m2/n1/c1	match	match	true	true
text-c0/a4/m2/n1/c2	match	match	true	true
text-c0/a4/m2/n1/c3	match	match	true	true
text-c0/a4/m3/n0/c0	match	match	true	true
text-c0/a4/m3/n0/c1	match	match	true	true
text-c0/a4/m3/n0/c2	match	match	true	true
text-c0/a4/m3/n0/c3	match	match	true	true
text-c0/a4/m3/n1/c0	match	match	true	true
text-c0/a4/m3/n1/c1	match	match	true	true
text-c0/a4/m3/n1/c2	match	match	true	true
text-c0/a4/m3/n1/c3	match	match	true	true
text-c0/a5/m0/n0/c0	match	match	true	true
text-c0/a5/m0/n0/c1	match	match	true	true
text-c0/a5/m0/n0/c2	match	match	true	true
text-c0/a5/m0/n0/c3	match	match	true	true
text-c0/a5/m0/n1/c0	match	match	true	true
text-c0/a5/m0/n1/c1	match	match	true	true
text-c0/a5/m0/n1/c2	match	match	true	true
text-c0/a5/m0/n1/c3	match	match	true	true
text-c0/a5/m1/n0/c0	match	match	true	true
text-c0/a5/m1/n0/c1	match	match	true	true
text-c0/a5/m1/n0/c2	match	match	true	true
text-c0/a5/m1/n0/c3	match	match	true	true
text-c0/a5/m1/n1/c0	match	match	true	true
text-c0/a5/m1/n1/c1	match	match	true	true
text-c0/a5/m1/n1/c2	match	match	true	true
text-c0/a5/m1/n1/c3	match	match	true	true
text-c0/a5/m2/n0/c0	match	match	true	true
text-c0/a5/m2/n0/c1	match	match	true	true
text-c0/a5/m2/n0/c2	match	match	true	true
text-c0/a5/m2/n0/c3	match	match	true	true
text-c0/a5/m2/n1/c0	match	match	true	true
text-c0/a5/m2/n1/c1	match	match	true	true
text-c0/a5/m2/n1/c2	match	match	true	true
text-c0/a5/m2/n1/c3	match	match	true	true
text-c0/a5/m3/n0/c0	match	match	true	true
text-c0/a5/m3/n0/c1	match	match	true	true
text-c0/a5/m3/n0/c2	match	match	true	true
text-c0/a5/m3/n0/c3	match	match	true	true
text-c0/a5/m3/n1/c0	match	match	true	true
text-c0/a5/m3/n1/c1	match	match	true	true
text-c0/a5/m3/n1/c2	match	match	true	true
text-c0/a5/m3/n1/c3	match	match	true	true
text-c0/a6/m0/n0/c0	match	match	true	true
text-c0/a6/m0/n0/c1	match	match	true	true
text-c0/a6/m0/n0/c2	match	match	true	true
text-c0/a6/m0/n0/c3	match	match	true	true
text-c0/a6/m0/n1/c0	match	match	true	true
text-c0/a6/m0/n1/c1	match	match	true	true
text-c0/a6/m0/n1/c2	match	match	true	true
text-c0/a6/m0/n1/c3	match	match	true	true
text-c0/a6/m1/n0/c0	match	match	true	true
text-c0/a6/m1/n0/c1	match	match	true	true
text-c0/a6/m1/n0/c2	match	match	true	true
text-c0/a6/m1/n0/c3	match	match	true	true
text-c0/a6/m1/n1/c0	match	match	true	true
text-c0/a6/m1/n1/c1	match	match	true	true
text-c0/a6/m1/n1/c2	match	match	true	true
text-c0/a6/m1/n1/c3	match	match	true	true
text-c0/a6/m2/n0/c0	match	match	true	true
text-c0/a6/m2/n0/c1	match	match	true	true
text-c0/a6/m2/n0/c2	match	match	true	true
text-c0/a6/m2/n0/c3	match	match	true	true
text-c0/a6/m2/n1/c0	match	match	true	true
text-c0/a6/m2/n1/c1	match	match	true	true
text-c0/a6/m2/n1/c2	match	match	true	true
text-c0/a6/m2/n1/c3	match	match	true	true
text-c0/a6/m3/n0/c0	match	match	true	true
text-c0/a6/m3/n0/c1	match	match	true	true
text-c0/a6/m3/n0/c2	match	match	true	true
text-c0/a6/m3/n0/c3	match	match	true	true
text-c0/a6/m3/n1/c0	match	match	true	true
text-c0/a6/m3/n1/c1	match	match	true	true
text-c0/a6/m3/n1/c2	match	match	true	true
text-c0/a6/m3/n1/c3	match	match	true	true
text-c0/a7/m0/n0/c0	match	match	true	true
text-c0/a7/m0/n0/c1	match	match	true	true
text-c0/a7/m0/n0/c2	match	match	true	true
text-c0/a7/m0/n0/c3	match	match	true	true
text-c0/a7/m0/n1/c0	match	match	true	true
text-c0/a7/m0/n1/c1	match	match	true	true
text-c0/a7/m0/n1/c2	match	match	true	true
text-c0/a7/m0/n1/c3	match	match	true	true
text-c0/a7/m1/n0/c0	match	match	true	true
text-c0/a7/m1/n0/c1	match	match	true	true
text-c0/a7/m1/n0/c2	match	match	true	true
text-c0/a7/m1/n0/c3	match	match	true	true
text-c0/a7/m1/n1/c0	match	match	true	true
text-c0/a7/m1/n1/c1	match	match	true	true
text-c0/a7/m1/n1/c2	match	match	true	true
text-c0/a7/m1/n1/c3	match	match	true	true
text-c0/a7/m2/n0/c0	match	match	true	true
text-c0/a7/m2/n0/c1	match	match	true	true
text-c0/a7/m2/n0/c2	match	match	true	true
text-c0/a7/m2/n0/c3	match	match	true	true
text-c0/a7/m2/n1/c0	match	match	true	true
text-c0/a7/m2/n1/c1	match	match	true	true
text-c0/a7/m2/n1/c2	match	match	true	true
text-c0/a7/m2/n1/c3	match	match	true	true
text-c0/a7/m3/n0/c0	match	match	true	true
text-c0/a7/m3/n0/c1	match	match	true	true
text-c0/a7/m3/n0/c2	match	match	true	true
text-c0/a7/m3/n0/c3	match	match	true	true
text-c0/a7/m3/n1/c0	match	match	true	true
text-c0/a7/m3/n1/c1	match	match	true	true
text-c0/a7/m3/n1/c2	match	match	true	true
text-c0/a7/m3/n1/c3	match	match	true	true
text-d0/a0/m0/n0/c0	match	match	true	true
text-d0/a0/m0/n0/c1	match	match	true	true
text-d0/a0/m0/n0/c2	match	match	true	true
text-d0/a0/m0/n0/c3	match	match	true	true
text-d0/a0/m0/n1/c0	match	match	true	true
text-d0/a0/m0/n1/c1	match	match	true	true
text-d0/a0/m0/n1/c2	match	match	true	true
text-d0/a0/m0/n1/c3	match	match	true	true
text-d0/a0/m1/n0/c0	match	match	true	true
text-d0/a0/m1/n0/c1	match	match	true	true
text-d0/a0/m1/n0/c2	match	match	true	true
text-d0/a0/m1/n0/c3	match	match	true	true
text-d0/a0/m1/n1/c0	match	match	true	true
text-d0/a0/m1/n1/c1	match	match	true	true
text-d0/a0/m1/n1/c2	match	match	true	true
text-d0/a0/m1/n1/c3	match	match	true	true
text-d0/a0/m2/n0/c0	match	match	true	true
text-d0/a0/m2/n0/c1	match	match	true	true
text-d0/a0/m2/n0/c2	match	match	true	true
text-d0/a0/m2/n0/c3	match	match	true	true
text-d0/a0/m2/n1/c0	match	match	true	true
text-d0/a0/m2/n1/c1	match	match	true	true
text-d0/a0/m2/n1/c2	match	match	true	true
text-d0/a0/m2/n1/c3	match	match	true	true
text-d0/a0/m3/n0/c0	match	match	true	true
text-d0/a0/m3/n0/c1	match	match	true	true
text-d0/a0/m3/n0/c2	match	match	true	true
text-d0/a0/m3/n0/c3	match	match	true	true
text-d0/a0/m3/n1/c0	match	match	true	true
text-d0/a0/m3/n1/c1	match	match	true	true
text-d0/a0/m3/n1/c2	match	match	true	true
text-d0/a0/m3/n1/c3	match	match	true	true
text-d0/a1/m0/n0/c0	match	match	true	true
text-d0/a1/m0/n0/c1	match	match	true	true
text-d0/a1/m0/n0/c2	match	match	true	true
text-d0/a1/m0/n0/c3	match	match	true	true
text-d0/a1/m0/n1/c0	match	match	true	true
text-d0/a1/m0/n1/c1	match	match	true	true
text-d0/a1/m0/n1/c2	match	match	true	true
text-d0/a1/m0/n1/c3	match	match	true	true
text-d0/a1/m1/n0/c0	match	match	true	true
text-d0/a1/m1/n0/c1	match	match	true	true
text-d0/a1/m1/n0/c2	match	match	true	true
text-d0/a1/m1/n0/c3	match	match	true	true
text-d0/a1/m1/n1/c0	match	match	true	true
text-d0/a1/m1/n1/c1	match	match	true	true
text-d0/a1/m1/n1/c2	match	match	true	true
text-d0/a1/m1/n1/c3	match	match	true	true
text-d0/a1/m2/n0/c0	match	match	true	true
text-d0/a1/m2/n0/c1	match	match	true	true
text-d0/a1/m2/n0/c2	match	match	true	true
text-d0/a1/m2/n0/c3	match	match	true	true
text-d0/a1/m2/n1/c0	match	match	true	true
text-d0/a1/m2/n1/c1	match	match	true	true
text-d0/a1/m2/n1/c2	match	match	true	true
text-d0/a1/m2/n1/c3	match	match	true	true
text-d0/a1/m3/n0/c0	match	match	true	true
text-d0/a1/m3/n0/c1	match	match	true	true
text-d0/a1/m3/n0/c2	match	match	true	true
text-d0/a1/m3/n0/c3	match	match	true	true
text-d0/a1/m3/n1/c0	match	match	true	true
text-d0/a1/m3/n1/c1	match	match	true	true
text-d0/a1/m3/n1/c2	match	match	true	true
text-d0/a1/m3/n1/c3	match	match	true	true
text-d0/a2/m0/n0/c0	match	match	true	true
text-d0/a2/m0/n0/c1	match	match	true	true
text-d0/a2/m0/n0/c2	match	match	true	true
text-d0/a2/m0/n0/c3	match	match	true	true
text-d0/a2/m0/n1/c0	match	match	true	true
text-d0/a2/m0/n1/c1	match	match	true	true
text-d0/a2/m0/n1/c2	match	match	true	true
text-d0/a2/m0/n1/c3	match	match	true	true
text-d0/a2/m1/n0/c0	match	match	true	true
text-d0/a2/m1/n0/c1	match	match	true	true
text-d0/a2/m1/n0/c2	match	match	true	true
text-d0/a2/m1/n0/c3	match	match	true	true
text-d0/a2/m1/n1/c0	match	match	true	true
text-d0/a2/m1/n1/c1	match	match	true	true
text-d0/a2/m1/n1/c2	match	match	true	true
text-d0/a2/m1/n1/c3	match	match	true	true
text-d0/a2/m2/n0/c0	match	match	true	true
text-d0/a2/m2/n0/c1	match	match	true	true
text-d0/a2/m2/n0/c2	match	match	true	true
text-d0/a2/m2/n0/c3	match	match	true	true
text-d0/a2/m2/n1/c0	match	match	true	true
text-d0/a2/m2/n1/c1	match	match	true	true
text-d0/a2/m2/n1/c2	match	match	true	true
text-d0/a2/m2/n1/c3	match	match	true	true
text-d0/a2/m3/n0/c0	match	match	true	true
text-d0/a2/m3/n0/c1	match	match	true	true
text-d0/a2/m3/n0/c2	match	match	true	true
text-d0/a2/m3/n0/c3	match	match	true	true
text-d0/a2/m3/n1/c0	match	match	true	true
text-d0/a2/m3/n1/c1	match	match	true	true
text-d0/a2/m3/n1/c2	match	match	true	true
text-d0/a2/m3/n1/c3	match	match	true	true
text-d0/a3/m0/n0/c0	match	match	true	true
text-d0/a3/m0/n0/c1	match	match	true	true
text-d0/a3/m0/n0/c2	match	match	true	true
text-d0/a3/m0/n0/c3	match	match	true	true
text-d0/a3/m0/n1/c0	match	match	true	true
text-d0/a3/m0/n1/c1	match	match	true	true
text-d0/a3/m0/n1/c2	match	match	true	true
text-d0/a3/m0/n1/c3	match	match	true	true
text-d0/a3/m1/n0/c0	match	match	true	true
text-d0/a3/m1/n0/c1	match	match	true	true
text-d0/a3/m1/n0/c2	match	match	true	true
text-d0/a3/m1/n0/c3	match	match	true	true
text-d0/a3/m1/n1/c0	match	match	true	true
text-d0/a3/m1/n1/c1	match	match	true	true
text-d0/a3/m1/n1/c2	match	match	true	true
text-d0/a3/m1/n1/c3	match	match	true	true
text-d0/a3/m2/n0/c0	match	match	true	true
text-d0/a3/m2/n0/c1	match	match	true	true
text-d0/a3/m2/n0/c2	match	match	true	true
text-d0/a3/m2/n0/c3	match	match	true	true
text-d0/a3/m2/n1/c0	match	match	true	true
text-d0/a3/m2/n1/c1	match	match	true	true
text-d0/a3/m2/n1/c2	match	match	true	true
text-d0/a3/m2/n1/c3	match	match	true	true
text-d0/a3/m3/n0/c0	match	match	true	true
text-d0/a3/m3/n0/c1	match	match	true	true
text-d0/a3/m3/n0/c2	match	match	true	true
text-d0/a3/m3/n0/c3	match	match	true	true
text-d0/a3/m3/n1/c0	match	match	true	true
text-d0/a3/m3/n1/c1	match	match	true	true
text-d0/a3/m3/n1/c2	match	match	true	true
text-d0/a3/m3/n1/c3	match	match	true	true
text-d0/a4/m0/n0/c0	match	match	true	true
text-d0/a4/m0/n0/c1	match	match	true	true
text-d0/a4/m0/n0/c2	match	match	true	true
text-d0/a4/m0/n0/c3	match	match	true	true
text-d0/a4/m0/n1/c0	match	match	true	true
text-d0/a4/m0/n1/c1	match	match	true	true
text-d0/a4/m0/n1/c2	match	match	true	true
text-d0/a4/m0/n1/c3	match	match	true	true
text-d0/a4/m1/n0/c0	match	match	true	true
text-d0/a4/m1/n0/c1	match	match	true	true
text-d0/a4/m1/n0/c2	match	match	true	true
text-d0/a4/m1/n0/c3	match	match	true	true
text-d0/a4/m1/n1/c0	match	match	true	true
text-d0/a4/m1/n1/c1	match	match	true	true
text-d0/a4/m1/n1/c2	match	match	true	true
text-d0/a4/m1/n1/c3	match	match	true	true
text-d0/a4/m2/n0/c0	match	match	true	true
text-d0/a4/m2/n0/c1	match	match	true	true
text-d0/a4/m2/n0/c2	match	match	true	true
text-d0/a4/m2/n0/c3	match	match	true	true
text-d0/a4/m2/n1/c0	match	match	true	true
text-d0/a4/m2/n1/c1	match	match	true	true
text-d0/a4/m2/n1/c2	match	match	true	true
text-d0/a4/m2/n1/c3	match	match	true	true
text-d0/a4/m3/n0/c0	match	match	true	true
text-d0/a4/m3/n0/c1	match	match	true	true
text-d0/a4/m3/n0/c2	match	match	true	true
text-d0/a4/m3/n0/c3	match	match	true	true
text-d0/a4/m3/n1/c0	match	match	true	true
text-d0/a4/m3/n1/c1	match	match	true	true
text-d0/a4/m3/n1/c2	match	match	true	true
text-d0/a4/m3/n1/c3	match	match	true	true
text-d0/a5/m0/n0/c0	match	match	true	true
text-d0/a5/m0/n0/c1	match	match	true	true
text-d0/a5/m0/n0/c2	match	match	true	true
text-d0/a5/m0/n0/c3	match	match	true	true
text-d0/a5/m0/n1/c0	match	match	true	true
text-d0/a5/m0/n1/c1	match	match	true	true
text-d0/a5/m0/n1/c2	match	match	true	true
text-d0/a5/m0/n1/c3	match	match	true	true
text-d0/a5/m1/n0/c0	match	match	true	true
text-d0/a5/m1/n0/c1	match	match	true	true
text-d0/a5/m1/n0/c2	match	match	true	true
text-d0/a5/m1/n0/c3	match	match	true	true
text-d0/a5/m1/n1/c0	match	match	true	true
text-d0/a5/m1/n1/c1	match	match	true	true
text-d0/a5/m1/n1/c2	match	match	true	true
text-d0/a5/m1/n1/c3	match	match	true	true
text-d0/a5/m2/n0/c0	match	match	true	true
text-d0/a5/m2/n0/c1	match	match	true	true
text-d0/a5/m2/n0/c2	match	match	true	true
text-d0/a5/m2/n0/c3	match	match	true	true
text-d0/a5/m2/n1/c0	match	match	true	true
text-d0/a5/m2/n1/c1	match	match	true	true
text-d0/a5/m2/n1/c2	match	match	true	true
text-d0/a5/m2/n1/c3	match	match	true	true
text-d0/a5/m3/n0/c0	match	match	true	true
text-d0/a5/m3/n0/c1	match	match	true	true
text-d0/a5/m3/n0/c2	match	match	true	true
text-d0/a5/m3/n0/c3	match	match	true	true
text-d0/a5/m3/n1/c0	match	match	true	true
text-d0/a5/m3/n1/c1	match	match	true	true
text-d0/a5/m3/n1/c2	match	match	true	true
text-d0/a5/m3/n1/c3	match	match	true	true
text-d0/a6/m0/n0/c0	match	match	true	true
text-d0/a6/m0/n0/c1	match	match	true	true
text-d0/a6/m0/n0/c2	match	match	true	true
text-d0/a6/m0/n0/c3	match	match	true	true
text-d0/a6/m0/n1/c0	match	match	true	true
text-d0/a6/m0/n1/c1	match	match	true	true
text-d0/a6/m0/n1/c2	match	match	true	true
text-d0/a6/m0/n1/c3	match	match	true	true
text-d0/a6/m1/n0/c0	match	match	true	true
text-d0/a6/m1/n0/c1	match	match	true	true
text-d0/a6/m1/n0/c2	match	match	true	true
text-d0/a6/m1/n0/c3	match	match	true	true
text-d0/a6/m1/n1/c0	match	match	true	true
text-d0/a6/m1/n1/c1	match	match	true	true
text-d0/a6/m1/n1/c2	match	match	true	true
text-d0/a6/m1/n1/c3	match	match	true	true
text-d0/a6/m2/n0/c0	match	match	true	true
text-d0/a6/m2/n0/c1	match	match	true	true
text-d0/a6/m2/n0/c2	match	match	true	true
text-d0/a6/m2/n0/c3	match	match	true	true
text-d0/a6/m2/n1/c0	match	match	true	true
text-d0/a6/m2/n1/c1	match	match	true	true
text-d0/a6/m2/n1/c2	match	match	true	true
text-d0/a6/m2/n1/c3	match	match	true	true
text-d0/a6/m3/n0/c0	match	match	true	true
text-d0/a6/m3/n0/c1	match	match	true	true
text-d0/a6/m3/n0/c2	match	match	true	true
text-d0/a6/m3/n0/c3	match	match	true	true
text-d0/a6/m3/n1/c0	match	match	true	true
text-d0/a6/m3/n1/c1	match	match	true	true
text-d0/a6/m3/n1/c2	match	match	true	true
text-d0/a6/m3/n1/c3	match	match	true	true
text-d0/a7/m0/n0/c0	match	match	true	true
text-d0/a7/m0/n0/c1	match	match	true	true
text-d0/a7/m0/n0/c2	match	match	true	true
text-d0/a7/m0/n0/c3	match	match	true	true
text-d0/a7/m0/n1/c0	match	match	true	true
text-d0/a7/m0/n1/c1	match	match	true	true
text-d0/a7/m0/n1/c2	match	match	true	true
text-d0/a7/m0/n1/c3	match	match	true	true
text-d0/a7/m1/n0/c0	match	match	true	true
text-d0/a7/m1/n0/c1	match	match	true	true
text-d0/a7/m1/n0/c2	match	match	true	true
text-d0/a7/m1/n0/c3	match	match	true	true
text-d0/a7/m1/n1/c0	match	match	true	true
text-d0/a7/m1/n1/c1	match	match	true	true
text-d0/a7/m1/n1/c2	match	match	true	true
text-d0/a7/m1/n1/c3	match	match	true	true
text-d0/a7/m2/n0/c0	match	match	true	true
text-d0/a7/m2/n0/c1	match	match	true	true
text-d0/a7/m2/n0/c2	match	match	true	true
text-d0/a7/m2/n0/c3	match	match	true	true
text-d0/a7/m2/n1/c0	match	match	true	true
text-d0/a7/m2/n1/c1	match	match	true	true
text-d0/a7/m2/n1/c2	match	match	true	true
text-d0/a7/m2/n1/c3	match	match	true	true
text-d0/a7/m3/n0/c0	match	match	true	true
text-d0/a7/m3/n0/c1	match	match	true	true
text-d0/a7/m3/n0/c2	match	match	true	true
text-d0/a7/m3/n0/c3	match	match	true	true
text-d0/a7/m3/n1/c0	match	match	true	true
text-d0/a7/m3/n1/c1	match	match	true	true
text-d0/a7/m3/n1/c2	match	match	true	true
text-d0/a7/m3/n1/c3	match	match	true	true
text-e0/a0/m0/n0/c0	match	match	true	true
text-e0/a0/m0/n0/c1	match	match	true	true
text-e0/a0/m0/n0/c2	match	match	true	true
text-e0/a0/m0/n0/c3	match	match	true	true
text-e0/a0/m0/n1/c0	match	match	true	true
text-e0/a0/m0/n1/c1	match	match	true	true
text-e0/a0/m0/n1/c2	match	match	true	true
text-e0/a0/m0/n1/c3	match	match	true	true
text-e0/a0/m1/n0/c0	match	match	true	true
text-e0/a0/m1/n0/c1	match	match	true	true
text-e0/a0/m1/n0/c2	match	match	true	true
text-e0/a0/m1/n0/c3	match	match	true	true
text-e0/a0/m1/n1/c0	match	match	true	true
text-e0/a0/m1/n1/c1	match	match	true	true
text-e0/a0/m1/n1/c2	match	match	true	true
text-e0/a0/m1/n1/c3	match	match	true	true
text-e0/a0/m2/n0/c0	match	match	true	true
text-e0/a0/m2/n0/c1	match	match	true	true
text-e0/a0/m2/n0/c2	match	match	true	true
text-e0/a0/m2/n0/c3	match	match	true	true
text-e0/a0/m2/n1/c0	match	match	true	true
text-e0/a0/m2/n1/c1	match	match	true	true
text-e0/a0/m2/n1/c2	match	match	true	true
text-e0/a0/m2/n1/c3	match	match	true	true
text-e0/a0/m3/n0/c0	match	match	true	true
text-e0/a0/m3/n0/c1	match	match	true	true
text-e0/a0/m3/n0/c2	match	match	true	true
text-e0/a0/m3/n0/c3	match	match	true	true
text-e0/a0/m3/n1/c0	match	match	true	true
text-e0/a0/m3/n1/c1	match	match	true	true
text-e0/a0/m3/n1/c2	match	match	true	true
text-e0/a0/m3/n1/c3	match	match	true	true
text-e0/a1/m0/n0/c0	match	match	true	true
text-e0/a1/m0/n0/c1	match	match	true	true
text-e0/a1/m0/n0/c2	match	match	true	true
text-e0/a1/m0/n0/c3	match	match	true	true
text-e0/a1/m0/n1/c0	match	match	true	true
text-e0/a1/m0/n1/c1	match	match	true	true
text-e0/a1/m0/n1/c2	match	match	true	true
text-e0/a1/m0/n1/c3	match	match	true	true
text-e0/a1/m1/n0/c0	match	match	true	true
text-e0/a1/m1/n0/c1	match	match	true	true
text-e0/a1/m1/n0/c2	match	match	true	true
text-e0/a1/m1/n0/c3	match	match	true	true
text-e0/a1/m1/n1/c0	match	match	true	true
text-e0/a1/m1/n1/c1	match	match	true	true
text-e0/a1/m1/n1/c2	match	match	true	true
text-e0/a1/m1/n1/c3	match	match	true	true
text-e0/a1/m2/n0/c0	match	match	true	true
text-e0/a1/m2/n0/c1	match	match	true	true
text-e0/a1/m2/n0/c2	match	match	true	true
text-e0/a1/m2/n0/c3	match	match	true	true
text-e0/a1/m2/n1/c0	match	match	true	true
text-e0/a1/m2/n1/c1	match	match	true	true
text-e0/a1/m2/n1/c2	match	match	true	true
text-e0/a1/m2/n1/c3	match	match	true	true
text-e0/a1/m3/n0/c0	match	match	true	true
text-e0/a1/m3/n0/c1	match	match	true	true
text-e0/a1/m3/n0/c2	match	match	true	true
text-e0/a1/m3/n0/c3	match	match	true	true
text-e0/a1/m3/n1/c0	match	match	true	true
text-e0/a1/m3/n1/c1	match	match	true	true
text-e0/a1/m3/n1/c2	match	match	true	true
text-e0/a1/m3/n1/c3	match	match	true	true
text-e0/a2/m0/n0/c0	match	match	true	true
text-e0/a2/m0/n0/c1	match	match	true	true
text-e0/a2/m0/n0/c2	match	match	true	true
text-e0/a2/m0/n0/c3	match	match	true	true
text-e0/a2/m0/n1/c0	match	match	true	true
text-e0/a2/m0/n1/c1	match	match	true	true
text-e0/a2/m0/n1/c2	match	match	true	true
text-e0/a2/m0/n1/c3	match	match	true	true
text-e0/a2/m1/n0/c0	match	match	true	true
text-e0/a2/m1/n0/c1	match	match	true	true
text-e0/a2/m1/n0/c2	match	match	true	true
text-e0/a2/m1/n0/c3	match	match	true	true
text-e0/a2/m1/n1/c0	match	match	true	true
text-e0/a2/m1/n1/c1	match	match	true	true
text-e0/a2/m1/n1/c2	match	match	true	true
text-e0/a2/m1/n1/c3	match	match	true	true
text-e0/a2/m2/n0/c0	match	match	true	true
text-e0/a2/m2/n0/c1	match	match	true	true
text-e0/a2/m2/n0/c2	match	match	true	true
text-e0/a2/m2/n0/c3	match	match	true	true
text-e0/a2/m2/n1/c0	match	match	true	true
text-e0/a2/m2/n1/c1	match	match	true	true
text-e0/a2/m2/n1/c2	match	match	true	true
text-e0/a2/m2/n1/c3	match	match	true	true
text-e0/a2/m3/n0/c0	match	match	true	true
text-e0/a2/m3/n0/c1	match	match	true	true
text-e0/a2/m3/n0/c2	match	match	true	true
text-e0/a2/m3/n0/c3	match	match	true	true
text-e0/a2/m3/n1/c0	match	match	true	true
text-e0/a2/m3/n1/c1	match	match	true	true
text-e0/a2/m3/n1/c2	match	match	true	true
text-e0/a2/m3/n1/c3	match	match	true	true
text-e0/a3/m0/n0/c0	match	match	true	true
text-e0/a3/m0/n0/c1	match	match	true	true
text-e0/a3/m0/n0/c2	match	match	true	true
text-e0/a3/m0/n0/c3	match	match	true	true
text-e0/a3/m0/n1/c0	match	match	true	true
text-e0/a3/m0/n1/c1	match	match	true	true
text-e0/a3/m0/n1/c2	match	match	true	true
text-e0/a3/m0/n1/c3	match	match	true	true
text-e0/a3/m1/n0/c0	match	match	true	true
text-e0/a3/m1/n0/c1	match	match	true	true
text-e0/a3/m1/n0/c2	match	match	true	true
text-e0/a3/m1/n0/c3	match	match	true	true
text-e0/a3/m1/n1/c0	match	match	true	true
text-e0/a3/m1/n1/c1	match	match	true	true
text-e0/a3/m1/n1/c2	match	match	true	true
text-e0/a3/m1/n1/c3	match	match	true	true
text-e0/a3/m2/n0/c0	match	match	true	true
text-e0/a3/m2/n0/c1	match	match	true	true
text-e0/a3/m2/n0/c2	match	match	true	true
text-e0/a3/m2/n0/c3	match	match	true	true
text-e0/a3/m2/n1/c0	match	match	true	true
text-e0/a3/m2/n1/c1	match	match	true	true
text-e0/a3/m2/n1/c2	match	match	true	true
text-e0/a3/m2/n1/c3	match	match	true	true
text-e0/a3/m3/n0/c0	match	match	true	true
text-e0/a3/m3/n0/c1	match	match	true	true
text-e0/a3/m3/n0/c2	match	match	true	true
text-e0/a3/m3/n0/c3	match	match	true	true
text-e0/a3/m3/n1/c0	match	match	true	true
text-e0/a3/m3/n1/c1	match	match	true	true
text-e0/a3/m3/n1/c2	match	match	true	true
text-e0/a3/m3/n1/c3	match	match	true	true
text-e0/a4/m0/n0/c0	match	match	true	true
text-e0/a4/m0/n0/c1	match	match	true	true
text-e0/a4/m0/n0/c2	match	match	true	true
text-e0/a4/m0/n0/c3	match	match	true	true
text-e0/a4/m0/n1/c0	match	match	true	true
text-e0/a4/m0/n1/c1	match	match	true	true
text-e0/a4/m0/n1/c2	match	match	true	true
text-e0/a4/m0/n1/c3	match	match	true	true
text-e0/a4/m1/n0/c0	match	match	true	true
text-e0/a4/m1/n0/c1	match	match	true	true
text-e0/a4/m1/n0/c2	match	match	true	true
text-e0/a4/m1/n0/c3	match	match	true	true
text-e0/a4/m1/n1/c0	match	match	true	true
text-e0/a4/m1/n1/c1	match	match	true	true
text-e0/a4/m1/n1/c2	match	match	true	true
text-e0/a4/m1/n1/c3	match	match	true	true
text-e0/a4/m2/n0/c0	match	match	true	true
text-e0/a4/m2/n0/c1	match	match	true	true
text-e0/a4/m2/n0/c2	match	match	true	true
text-e0/a4/m2/n0/c3	match	match	true	true
text-e0/a4/m2/n1/c0	match	match	true	true
text-e0/a4/m2/n1/c1	match	match	true	true
text-e0/a4/m2/n1/c2	match	match	true	true
text-e0/a4/m2/n1/c3	match	match	true	true
text-e0/a4/m3/n0/c0	match	match	true	true
text-e0/a4/m3/n0/c1	match	match	true	true
text-e0/a4/m3/n0/c2	match	match	true	true
text-e0/a4/m3/n0/c3	match	match	true	true
text-e0/a4/m3/n1/c0	match	match	true	true
text-e0/a4/m3/n1/c1	match	match	true	true
text-e0/a4/m3/n1/c2	match	match	true	true
text-e0/a4/m3/n1/c3	match	match	true	true
text-e0/a5/m0/n0/c0	match	match	true	true
text-e0/a5/m0/n0/c1	match	match	true	true
text-e0/a5/m0/n0/c2	match	match	true	true
text-e0/a5/m0/n0/c3	match	match	true	true
text-e0/a5/m0/n1/c0	match	match	true	true
text-e0/a5/m0/n1/c1	match	match	true	true
text-e0/a5/m0/n1/c2	match	match	true	true
text-e0/a5/m0/n1/c3	match	match	true	true
text-e0/a5/m1/n0/c0	match	match	true	true
text-e0/a5/m1/n0/c1	match	match	true	true
text-e0/a5/m1/n0/c2	match	match	true	true
text-e0/a5/m1/n0/c3	match	match	true	true
text-e0/a5/m1/n1/c0	match	match	true	true
text-e0/a5/m1/n1/c1	match	match	true	true
text-e0/a5/m1/n1/c2	match	match	true	true
text-e0/a5/m1/n1/c3	match	match	true	true
text-e0/a5/m2/n0/c0	match	match	true	true
text-e0/a5/m2/n0/c1	match	match	true	true
text-e0/a5/m2/n0/c2	match	match	true	true
text-e0/a5/m2/n0/c3	match	match	true	true
text-e0/a5/m2/n1/c0	match	match	true	true
text-e0/a5/m2/n1/c1	match	match	true	true
text-e0/a5/m2/n1/c2	match	match	true	true
text-e0/a5/m2/n1/c3	match	match	true	true
text-e0/a5/m3/n0/c0	match	match	true	true
text-e0/a5/m3/n0/c1	match	match	true	true
text-e0/a5/m3/n0/c2	match	match	true	true
text-e0/a5/m3/n0/c3	match	match	true	true
text-e0/a5/m3/n1/c0	match	match	true	true
text-e0/a5/m3/n1/c1	match	match	true	true
text-e0/a5/m3/n1/c2	match	match	true	true
text-e0/a5/m3/n1/c3	match	match	true	true
text-e0/a6/m0/n0/c0	match	match	true	true
text-e0/a6/m0/n0/c1	match	match	true	true
text-e0/a6/m0/n0/c2	match	match	true	true
text-e0/a6/m0/n0/c3	match	match	true	true
text-e0/a6/m0/n1/c0	match	match	true	true
text-e0/a6/m0/n1/c1	match	match	true	true
text-e0/a6/m0/n1/c2	match	match	true	true
text-e0/a6/m0/n1/c3	match	match	true	true
text-e0/a6/m1/n0/c0	match	match	true	true
text-e0/a6/m1/n0/c1	match	match	true	true
text-e0/a6/m1/n0/c2	match	match	true	true
text-e0/a6/m1/n0/c3	match	match	true	true
text-e0/a6/m1/n1/c0	match	match	true	true
text-e0/a6/m1/n1/c1	match	match	true	true
text-e0/a6/m1/n1/c2	match	match	true	true
text-e0/a6/m1/n1/c3	match	match	true	true
text-e0/a6/m2/n0/c0	match	match	true	true
text-e0/a6/m2/n0/c1	match	match	true	true
text-e0/a6/m2/n0/c2	match	match	true	true
text-e0/a6/m2/n0/c3	match	match	true	true
text-e0/a6/m2/n1/c0	match	match	true	true
text-e0/a6/m2/n1/c1	match	match	true	true
text-e0/a6/m2/n1/c2	match	match	true	true
text-e0/a6/m2/n1/c3	match	match	true	true
text-e0/a6/m3/n0/c0	match	match	true	true
text-e0/a6/m3/n0/c1	match	match	true	true
text-e0/a6/m3/n0/c2	match	match	true	true
text-e0/a6/m3/n0/c3	match	match	true	true
text-e0/a6/m3/n1/c0	match	match	true	true
text-e0/a6/m3/n1/c1	match	match	true	true
text-e0/a6/m3/n1/c2	match	match	true	true
text-e0/a6/m3/n1/c3	match	match	true	true
text-e0/a7/m0/n0/c0	match	match	true	true
text-e0/a7/m0/n0/c1	match	match	true	true
text-e0/a7/m0/n0/c2	match	match	true	true
text-e0/a7/m0/n0/c3	match	match	true	true
text-e0/a7/m0/n1/c0	match	match	true	true
text-e0/a7/m0/n1/c1	match	match	true	true
text-e0/a7/m0/n1/c2	match	match	true	true
text-e0/a7/m0/n1/c3	match	match	true	true
text-e0/a7/m1/n0/c0	match	match	true	true
text-e0/a7/m1/n0/c1	match	match	true	true
text-e0/a7/m1/n0/c2	match	match	true	true
text-e0/a7/m1/n0/c3	match	match	true	true
text-e0/a7/m1/n1/c0	match	match	true	true
text-e0/a7/m1/n1/c1	match	match	true	true
text-e0/a7/m1/n1/c2	match	match	true	true
text-e0/a7/m1/n1/c3	match	match	true	true
text-e0/a7/m2/n0/c0	match	match	true	true
text-e0/a7/m2/n0/c1	match	match	true	true
text-e0/a7/m2/n0/c2	match	match	true	true
text-e0/a7/m2/n0/c3	match	match	true	true
text-e0/a7/m2/n1/c0	match	match	true	true
text-e0/a7/m2/n1/c1	match	match	true	true
text-e0/a7/m2/n1/c2	match	match	true	true
text-e0/a7/m2/n1/c3	match	match	true	true
text-e0/a7/m3/n0/c0	match	match	true	true
text-e0/a7/m3/n0/c1	match	match	true	true
text-e0/a7/m3/n0/c2	match	match	true	true
text-e0/a7/m3/n0/c3	match	match	true	true
text-e0/a7/m3/n1/c0	match	match	true	true
text-e0/a7/m3/n1/c1	match	match	true	true
text-e0/a7/m3/n1/c2	match	match	true	true
text-e0/a7/m3/n1/c3	match	match	true	true
number/a0/m0/n0/c0	match	match	true	true
number/a0/m0/n0/c1	match	match	true	true
number/a0/m0/n0/c2	match	match	true	true
number/a0/m0/n0/c3	match	match	true	true
number/a0/m0/n1/c0	match	match	true	true
number/a0/m0/n1/c1	match	match	true	true
number/a0/m0/n1/c2	match	match	true	true
number/a0/m0/n1/c3	match	match	true	true
number/a0/m1/n0/c0	match	match	true	true
number/a0/m1/n0/c1	match	match	true	true
number/a0/m1/n0/c2	match	match	true	true
number/a0/m1/n0/c3	match	match	true	true
number/a0/m1/n1/c0	match	match	true	true
number/a0/m1/n1/c1	match	match	true	true
number/a0/m1/n1/c2	match	match	true	true
number/a0/m1/n1/c3	match	match	true	true
number/a0/m2/n0/c0	match	match	true	true
number/a0/m2/n0/c1	match	match	true	true
number/a0/m2/n0/c2	match	match	true	true
number/a0/m2/n0/c3	match	match	true	true
number/a0/m2/n1/c0	match	match	true	true
number/a0/m2/n1/c1	match	match	true	true
number/a0/m2/n1/c2	match	match	true	true
number/a0/m2/n1/c3	match	match	true	true
number/a0/m3/n0/c0	match	match	true	true
number/a0/m3/n0/c1	match	match	true	true
number/a0/m3/n0/c2	match	match	true	true
number/a0/m3/n0/c3	match	match	true	true
number/a0/m3/n1/c0	match	match	true	true
number/a0/m3/n1/c1	match	match	true	true
number/a0/m3/n1/c2	match	match	true	true
number/a0/m3/n1/c3	match	match	true	true
number/a1/m0/n0/c0	match	match	true	true
number/a1/m0/n0/c1	match	match	true	true
number/a1/m0/n0/c2	match	match	true	true
number/a1/m0/n0/c3	match	match	true	true
number/a1/m0/n1/c0	match	match	true	true
number/a1/m0/n1/c1	match	match	true	true
number/a1/m0/n1/c2	match	match	true	true
number/a1/m0/n1/c3	match	match	true	true
number/a1/m1/n0/c0	match	match	true	true
number/a1/m1/n0/c1	match	match	true	true
number/a1/m1/n0/c2	match	match	true	true
number/a1/m1/n0/c3	match	match	true	true
number/a1/m1/n1/c0	match	match	true	true
number/a1/m1/n1/c1	match	match	true	true
number/a1/m1/n1/c2	match	match	true	true
number/a1/m1/n1/c3	match	match	true	true
number/a1/m2/n0/c0	match	match	true	true
number/a1/m2/n0/c1	match	match	true	true
number/a1/m2/n0/c2	match	match	true	true
number/a1/m2/n0/c3	match	match	true	true
number/a1/m2/n1/c0	match	match	true	true
number/a1/m2/n1/c1	match	match	true	true
number/a1/m2/n1/c2	match	match	true	true
number/a1/m2/n1/c3	match	match	true	true
number/a1/m3/n0/c0	match	match	true	true
number/a1/m3/n0/c1	match	match	true	true
number/a1/m3/n0/c2	match	match	true	true
number/a1/m3/n0/c3	match	match	true	true
number/a1/m3/n1/c0	match	match	true	true
number/a1/m3/n1/c1	match	match	true	true
number/a1/m3/n1/c2	match	match	true	true
number/a1/m3/n1/c3	match	match	true	true
number/a2/m0/n0/c0	match	match	true	true
number/a2/m0/n0/c1	match	match	true	true
number/a2/m0/n0/c2	match	match	true	true
number/a2/m0/n0/c3	match	match	true	true
number/a2/m0/n1/c0	match	match	true	true
number/a2/m0/n1/c1	match	match	true	true
number/a2/m0/n1/c2	match	match	true	true
number/a2/m0/n1/c3	match	match	true	true
number/a2/m1/n0/c0	match	match	true	true
number/a2/m1/n0/c1	match	match	true	true
number/a2/m1/n0/c2	match	match	true	true
number/a2/m1/n0/c3	match	match	true	true
number/a2/m1/n1/c0	match	match	true	true
number/a2/m1/n1/c1	match	match	true	true
number/a2/m1/n1/c2	match	match	true	true
number/a2/m1/n1/c3	match	match	true	true
number/a2/m2/n0/c0	match	match	true	true
number/a2/m2/n0/c1	match	match	true	true
number/a2/m2/n0/c2	match	match	true	true
number/a2/m2/n0/c3	match	match	true	true
number/a2/m2/n1/c0	match	match	true	true
number/a2/m2/n1/c1	match	match	true	true
number/a2/m2/n1/c2	match	match	true	true
number/a2/m2/n1/c3	match	match	true	true
number/a2/m3/n0/c0	match	match	true	true
number/a2/m3/n0/c1	match	match	true	true
number/a2/m3/n0/c2	match	match	true	true
number/a2/m3/n0/c3	match	match	true	true
number/a2/m3/n1/c0	match	match	true	true
number/a2/m3/n1/c1	match	match	true	true
number/a2/m3/n1/c2	match	match	true	true
number/a2/m3/n1/c3	match	match	true	true
number/a3/m0/n0/c0	match	match	true	true
number/a3/m0/n0/c1	match	match	true	true
number/a3/m0/n0/c2	match	match	true	true
number/a3/m0/n0/c3	match	match	true	true
number/a3/m0/n1/c0	match	match	true	true
number/a3/m0/n1/c1	match	match	true	true
number/a3/m0/n1/c2	match	match	true	true
number/a3/m0/n1/c3	match	match	true	true
number/a3/m1/n0/c0	match	match	true	true
number/a3/m1/n0/c1	match	match	true	true
number/a3/m1/n0/c2	match	match	true	true
number/a3/m1/n0/c3	match	match	true	true
number/a3/m1/n1/c0	match	match	true	true
number/a3/m1/n1/c1	match	match	true	true
number/a3/m1/n1/c2	match	match	true	true
number/a3/m1/n1/c3	match	match	true	true
number/a3/m2/n0/c0	match	match	true	true
number/a3/m2/n0/c1	match	match	true	true
number/a3/m2/n0/c2	match	match	true	true
number/a3/m2/n0/c3	match	match	true	true
number/a3/m2/n1/c0	match	match	true	true
number/a3/m2/n1/c1	match	match	true	true
number/a3/m2/n1/c2	match	match	true	true
number/a3/m2/n1/c3	match	match	true	true
number/a3/m3/n0/c0	match	match	true	true
number/a3/m3/n0/c1	match	match	true	true
number/a3/m3/n0/c2	match	match	true	true
number/a3/m3/n0/c3	match	match	true	true
number/a3/m3/n1/c0	match	match	true	true
number/a3/m3/n1/c1	match	match	true	true
number/a3/m3/n1/c2	match	match	true	true
number/a3/m3/n1/c3	match	match	true	true
number/a4/m0/n0/c0	match	match	true	true
number/a4/m0/n0/c1	match	match	true	true
number/a4/m0/n0/c2	match	match	true	true
number/a4/m0/n0/c3	match	match	true	true
number/a4/m0/n1/c0	match	match	true	true
number/a4/m0/n1/c1	match	match	true	true
number/a4/m0/n1/c2	match	match	true	true
number/a4/m0/n1/c3	match	match	true	true
number/a4/m1/n0/c0	match	match	true	true
number/a4/m1/n0/c1	match	match	true	true
number/a4/m1/n0/c2	match	match	true	true
number/a4/m1/n0/c3	match	match	true	true
number/a4/m1/n1/c0	match	match	true	true
number/a4/m1/n1/c1	match	match	true	true
number/a4/m1/n1/c2	match	match	true	true
number/a4/m1/n1/c3	match	match	true	true
number/a4/m2/n0/c0	match	match	true	true
number/a4/m2/n0/c1	match	match	true	true
number/a4/m2/n0/c2	match	match	true	true
number/a4/m2/n0/c3	match	match	true	true
number/a4/m2/n1/c0	match	match	true	true
number/a4/m2/n1/c1	match	match	true	true
number/a4/m2/n1/c2	match	match	true	true
number/a4/m2/n1/c3	match	match	true	true
number/a4/m3/n0/c0	match	match	true	true
number/a4/m3/n0/c1	match	match	true	true
number/a4/m3/n0/c2	match	match	true	true
number/a4/m3/n0/c3	match	match	true	true
number/a4/m3/n1/c0	match	match	true	true
number/a4/m3/n1/c1	match	match	true	true
number/a4/m3/n1/c2	match	match	true	true
number/a4/m3/n1/c3	match	match	true	true
number/a5/m0/n0/c0	match	match	true	true
number/a5/m0/n0/c1	match	match	true	true
number/a5/m0/n0/c2	match	match	true	true
number/a5/m0/n0/c3	match	match	true	true
number/a5/m0/n1/c0	match	match	true	true
number/a5/m0/n1/c1	match	match	true	true
number/a5/m0/n1/c2	match	match	true	true
number/a5/m0/n1/c3	match	match	true	true
number/a5/m1/n0/c0	match	match	true	true
number/a5/m1/n0/c1	match	match	true	true
number/a5/m1/n0/c2	match	match	true	true
number/a5/m1/n0/c3	match	match	true	true
number/a5/m1/n1/c0	match	match	true	true
number/a5/m1/n1/c1	match	match	true	true
number/a5/m1/n1/c2	match	match	true	true
number/a5/m1/n1/c3	match	match	true	true
number/a5/m2/n0/c0	match	match	true	true
number/a5/m2/n0/c1	match	match	true	true
number/a5/m2/n0/c2	match	match	true	true
number/a5/m2/n0/c3	match	match	true	true
number/a5/m2/n1/c0	match	match	true	true
number/a5/m2/n1/c1	match	match	true	true
number/a5/m2/n1/c2	match	match	true	true
number/a5/m2/n1/c3	match	match	true	true
number/a5/m3/n0/c0	match	match	true	true
number/a5/m3/n0/c1	match	match	true	true
number/a5/m3/n0/c2	match	match	true	true
number/a5/m3/n0/c3	match	match	true	true
number/a5/m3/n1/c0	match	match	true	true
number/a5/m3/n1/c1	match	match	true	true
number/a5/m3/n1/c2	match	match	true	true
number/a5/m3/n1/c3	match	match	true	true
number/a6/m0/n0/c0	match	match	true	true
number/a6/m0/n0/c1	match	match	true	true
number/a6/m0/n0/c2	match	match	true	true
number/a6/m0/n0/c3	match	match	true	true
number/a6/m0/n1/c0	match	match	true	true
number/a6/m0/n1/c1	match	match	true	true
number/a6/m0/n1/c2	match	match	true	true
number/a6/m0/n1/c3	match	match	true	true
number/a6/m1/n0/c0	match	match	true	true
number/a6/m1/n0/c1	match	match	true	true
number/a6/m1/n0/c2	match	match	true	true
number/a6/m1/n0/c3	match	match	true	true
number/a6/m1/n1/c0	match	match	true	true
number/a6/m1/n1/c1	match	match	true	true
number/a6/m1/n1/c2	match	match	true	true
number/a6/m1/n1/c3	match	match	true	true
number/a6/m2/n0/c0	match	match	true	true
number/a6/m2/n0/c1	match	match	true	true
number/a6/m2/n0/c2	match	match	true	true
number/a6/m2/n0/c3	match	match	true	true
number/a6/m2/n1/c0	match	match	true	true
number/a6/m2/n1/c1	match	match	true	true
number/a6/m2/n1/c2	match	match	true	true
number/a6/m2/n1/c3	match	match	true	true
number/a6/m3/n0/c0	match	match	true	true
number/a6/m3/n0/c1	match	match	true	true
number/a6/m3/n0/c2	match	match	true	true
number/a6/m3/n0/c3	match	match	true	true
number/a6/m3/n1/c0	match	match	true	true
number/a6/m3/n1/c1	match	match	true	true
number/a6/m3/n1/c2	match	match	true	true
number/a6/m3/n1/c3	match	match	true	true
number/a7/m0/n0/c0	match	match	true	true
number/a7/m0/n0/c1	match	match	true	true
number/a7/m0/n0/c2	match	match	true	true
number/a7/m0/n0/c3	match	match	true	true
number/a7/m0/n1/c0	match	match	true	true
number/a7/m0/n1/c1	match	match	true	true
number/a7/m0/n1/c2	match	match	true	true
number/a7/m0/n1/c3	match	match	true	true
number/a7/m1/n0/c0	match	match	true	true
number/a7/m1/n0/c1	match	match	true	true
number/a7/m1/n0/c2	match	match	true	true
number/a7/m1/n0/c3	match	match	true	true
number/a7/m1/n1/c0	match	match	true	true
number/a7/m1/n1/c1	match	match	true	true
number/a7/m1/n1/c2	match	match	true	true
number/a7/m1/n1/c3	match	match	true	true
number/a7/m2/n0/c0	match	match	true	true
number/a7/m2/n0/c1	match	match	true	true
number/a7/m2/n0/c2	match	match	true	true
number/a7/m2/n0/c3	match	match	true	true
number/a7/m2/n1/c0	match	match	true	true
number/a7/m2/n1/c1	match	match	true	true
number/a7/m2/n1/c2	match	match	true	true
number/a7/m2/n1/c3	match	match	true	true
number/a7/m3/n0/c0	match	match	true	true
number/a7/m3/n0/c1	match	match	true	true
number/a7/m3/n0/c2	match	match	true	true
number/a7/m3/n0/c3	match	match	true	true
number/a7/m3/n1/c0	match	match	true	true
number/a7/m3/n1/c1	match	match	true	true
number/a7/m3/n1/c2	match	match	true	true
number/a7/m3/n1/c3	match	match	true	true
number-password/a0/m0/n0/c0	match	match	true	true
number-password/a0/m0/n0/c1	match	match	true	true
number-password/a0/m0/n0/c2	match	match	true	true
number-password/a0/m0/n0/c3	match	match	true	true
number-password/a0/m0/n1/c0	match	match	true	true
number-password/a0/m0/n1/c1	match	match	true	true
number-password/a0/m0/n1/c2	match	match	true	true
number-password/a0/m0/n1/c3	match	match	true	true
number-password/a0/m1/n0/c0	match	match	true	true
number-password/a0/m1/n0/c1	match	match	true	true
number-password/a0/m1/n0/c2	match	match	true	true
number-password/a0/m1/n0/c3	match	match	true	true
number-password/a0/m1/n1/c0	match	match	true	true
number-password/a0/m1/n1/c1	match	match	true	true
number-password/a0/m1/n1/c2	match	match	true	true
number-password/a0/m1/n1/c3	match	match	true	true
number-password/a0/m2/n0/c0	match	match	true	true
number-password/a0/m2/n0/c1	match	match	true	true
number-password/a0/m2/n0/c2	match	match	true	true
number-password/a0/m2/n0/c3	match	match	true	true
number-password/a0/m2/n1/c0	match	match	true	true
number-password/a0/m2/n1/c1	match	match	true	true
number-password/a0/m2/n1/c2	match	match	true	true
number-password/a0/m2/n1/c3	match	match	true	true
number-password/a0/m3/n0/c0	match	match	true	true
number-password/a0/m3/n0/c1	match	match	true	true
number-password/a0/m3/n0/c2	match	match	true	true
number-password/a0/m3/n0/c3	match	match	true	true
number-password/a0/m3/n1/c0	match	match	true	true
number-password/a0/m3/n1/c1	match	match	true	true
number-password/a0/m3/n1/c2	match	match	true	true
number-password/a0/m3/n1/c3	match	match	true	true
number-password/a1/m0/n0/c0	match	match	true	true
number-password/a1/m0/n0/c1	match	match	true	true
number-password/a1/m0/n0/c2	match	match	true	true
number-password/a1/m0/n0/c3	match	match	true	true
number-password/a1/m0/n1/c0	match	match	true	true
number-password/a1/m0/n1/c1	match	match	true	true
number-password/a1/m0/n1/c2	match	match	true	true
number-password/a1/m0/n1/c3	match	match	true	true
number-password/a1/m1/n0/c0	match	match	true	true
number-password/a1/m1/n0/c1	match	match	true	true
number-password/a1/m1/n0/c2	match	match	true	true
number-password/a1/m1/n0/c3	match	match	true	true
number-password/a1/m1/n1/c0	match	match	true	true
number-password/a1/m1/n1/c1	match	match	true	true
number-password/a1/m1/n1/c2	match	match	true	true
number-password/a1/m1/n1/c3	match	match	true	true
number-password/a1/m2/n0/c0	match	match	true	true
number-password/a1/m2/n0/c1	match	match	true	true
number-password/a1/m2/n0/c2	match	match	true	true
number-password/a1/m2/n0/c3	match	match	true	true
number-password/a1/m2/n1/c0	match	match	true	true
number-password/a1/m2/n1/c1	match	match	true	true
number-password/a1/m2/n1/c2	match	match	true	true
number-password/a1/m2/n1/c3	match	match	true	true
number-password/a1/m3/n0/c0	match	match	true	true
number-password/a1/m3/n0/c1	match	match	true	true
number-password/a1/m3/n0/c2	match	match	true	true
number-password/a1/m3/n0/c3	match	match	true	true
number-password/a1/m3/n1/c0	match	match	true	true
number-password/a1/m3/n1/c1	match	match	true	true
number-password/a1/m3/n1/c2	match	match	true	true
number-password/a1/m3/n1/c3	match	match	true	true
number-password/a2/m0/n0/c0	match	match	true	true
number-password/a2/m0/n0/c1	match	match	true	true
number-password/a2/m0/n0/c2	match	match	true	true
number-password/a2/m0/n0/c3	match	match	true	true
number-password/a2/m0/n1/c0	match	match	true	true
number-password/a2/m0/n1/c1	match	match	true	true
number-password/a2/m0/n1/c2	match	match	true	true
number-password/a2/m0/n1/c3	match	match	true	true
number-password/a2/m1/n0/c0	match	match	true	true
number-password/a2/m1/n0/c1	match	match	true	true
number-password/a2/m1/n0/c2	match	match	true	true
number-password/a2/m1/n0/c3	match	match	true	true
number-password/a2/m1/n1/c0	match	match	true	true
number-password/a2/m1/n1/c1	match	match	true	true
number-password/a2/m1/n1/c2	match	match	true	true
number-password/a2/m1/n1/c3	match	match	true	true
number-password/a2/m2/n0/c0	match	match	true	true
number-password/a2/m2/n0/c1	match	match	true	true
number-password/a2/m2/n0/c2	match	match	true	true
number-password/a2/m2/n0/c3	match	match	true	true
number-password/a2/m2/n1/c0	match	match	true	true
number-password/a2/m2/n1/c1	match	match	true	true
number-password/a2/m2/n1/c2	match	match	true	true
number-password/a2/m2/n1/c3	match	match	true	true
number-password/a2/m3/n0/c0	match	match	true	true
number-password/a2/m3/n0/c1	match	match	true	true
number-password/a2/m3/n0/c2	match	match	true	true
number-password/a2/m3/n0/c3	match	match	true	true
number-password/a2/m3/n1/c0	match	match	true	true
number-password/a2/m3/n1/c1	match	match	true	true
number-password/a2/m3/n1/c2	match	match	true	true
number-password/a2/m3/n1/c3	match	match	true	true
number-password/a3/m0/n0/c0	match	match	true	true
number-password/a3/m0/n0/c1	match	match	true	true
number-password/a3/m0/n0/c2	match	match	true	true
number-password/a3/m0/n0/c3	match	match	true	true
number-password/a3/m0/n1/c0	match	match	true	true
number-password/a3/m0/n1/c1	match	match	true	true
number-password/a3/m0/n1/c2	match	match	true	true
number-password/a3/m0/n1/c3	match	match	true	true
number-password/a3/m1/n0/c0	match	match	true	true
number-password/a3/m1/n0/c1	match	match	true	true
number-password/a3/m1/n0/c2	match	match	true	true
number-password/a3/m1/n0/c3	match	match	true	true
number-password/a3/m1/n1/c0	match	match	true	true
number-password/a3/m1/n1/c1	match	match	true	true
number-password/a3/m1/n1/c2	match	match	true	true
number-password/a3/m1/n1/c3	match	match	true	true
number-password/a3/m2/n0/c0	match	match	true	true
number-password/a3/m2/n0/c1	match	match	true	true
number-password/a3/m2/n0/c2	match	match	true	true
number-password/a3/m2/n0/c3	match	match	true	true
number-password/a3/m2/n1/c0	match	match	true	true
number-password/a3/m2/n1/c1	match	match	true	true
number-password/a3/m2/n1/c2	match	match	true	true
number-password/a3/m2/n1/c3	match	match	true	true
number-password/a3/m3/n0/c0	match	match	true	true
number-password/a3/m3/n0/c1	match	match	true	true
number-password/a3/m3/n0/c2	match	match	true	true
number-password/a3/m3/n0/c3	match	match	true	true
number-password/a3/m3/n1/c0	match	match	true	true
number-password/a3/m3/n1/c1	match	match	true	true
number-password/a3/m3/n1/c2	match	match	true	true
number-password/a3/m3/n1/c3	match	match	true	true
number-password/a4/m0/n0/c0	match	match	true	true
number-password/a4/m0/n0/c1	match	match	true	true
number-password/a4/m0/n0/c2	match	match	true	true
number-password/a4/m0/n0/c3	match	match	true	true
number-password/a4/m0/n1/c0	match	match	true	true
number-password/a4/m0/n1/c1	match	match	true	true
number-password/a4/m0/n1/c2	match	match	true	true
number-password/a4/m0/n1/c3	match	match	true	true
number-password/a4/m1/n0/c0	match	match	true	true
number-password/a4/m1/n0/c1	match	match	true	true
number-password/a4/m1/n0/c2	match	match	true	true
number-password/a4/m1/n0/c3	match	match	true	true
number-password/a4/m1/n1/c0	match	match	true	true
number-password/a4/m1/n1/c1	match	match	true	true
number-password/a4/m1/n1/c2	match	match	true	true
number-password/a4/m1/n1/c3	match	match	true	true
number-password/a4/m2/n0/c0	match	match	true	true
number-password/a4/m2/n0/c1	match	match	true	true
number-password/a4/m2/n0/c2	match	match	true	true
number-password/a4/m2/n0/c3	match	match	true	true
number-password/a4/m2/n1/c0	match	match	true	true
number-password/a4/m2/n1/c1	match	match	true	true
number-password/a4/m2/n1/c2	match	match	true	true
number-password/a4/m2/n1/c3	match	match	true	true
number-password/a4/m3/n0/c0	match	match	true	true
number-password/a4/m3/n0/c1	match	match	true	true
number-password/a4/m3/n0/c2	match	match	true	true
number-password/a4/m3/n0/c3	match	match	true	true
number-password/a4/m3/n1/c0	match	match	true	true
number-password/a4/m3/n1/c1	match	match	true	true
number-password/a4/m3/n1/c2	match	match	true	true
number-password/a4/m3/n1/c3	match	match	true	true
number-password/a5/m0/n0/c0	match	match	true	true
number-password/a5/m0/n0/c1	match	match	true	true
number-password/a5/m0/n0/c2	match	match	true	true
number-password/a5/m0/n0/c3	match	match	true	true
number-password/a5/m0/n1/c0	match	match	true	true
number-password/a5/m0/n1/c1	match	match	true	true
number-password/a5/m0/n1/c2	match	match	true	true
number-password/a5/m0/n1/c3	match	match	true	true
number-password/a5/m1/n0/c0	match	match	true	true
number-password/a5/m1/n0/c1	match	match	true	true
number-password/a5/m1/n0/c2	match	match	true	true
number-password/a5/m1/n0/c3	match	match	true	true
number-password/a5/m1/n1/c0	match	match	true	true
number-password/a5/m1/n1/c1	match	match	true	true
number-password/a5/m1/n1/c2	match	match	true	true
number-password/a5/m1/n1/c3	match	match	true	true
number-password/a5/m2/n0/c0	match	match	true	true
number-password/a5/m2/n0/c1	match	match	true	true
number-password/a5/m2/n0/c2	match	match	true	true
number-password/a5/m2/n0/c3	match	match	true	true
number-password/a5/m2/n1/c0	match	match	true	true
number-password/a5/m2/n1/c1	match	match	true	true
number-password/a5/m2/n1/c2	match	match	true	true
number-password/a5/m2/n1/c3	match	match	true	true
number-password/a5/m3/n0/c0	match	match	true	true
number-password/a5/m3/n0/c1	match	match	true	true
number-password/a5/m3/n0/c2	match	match	true	true
number-password/a5/m3/n0/c3	match	match	true	true
number-password/a5/m3/n1/c0	match	match	true	true
number-password/a5/m3/n1/c1	match	match	true	true
number-password/a5/m3/n1/c2	match	match	true	true
number-password/a5/m3/n1/c3	match	match	true	true
number-password/a6/m0/n0/c0	match	match	true	true
number-password/a6/m0/n0/c1	match	match	true	true
number-password/a6/m0/n0/c2	match	match	true	true
number-password/a6/m0/n0/c3	match	match	true	true
number-password/a6/m0/n1/c0	match	match	true	true
number-password/a6/m0/n1/c1	match	match	true	true
number-password/a6/m0/n1/c2	match	match	true	true
number-password/a6/m0/n1/c3	match	match	true	true
number-password/a6/m1/n0/c0	match	match	true	true
number-password/a6/m1/n0/c1	match	match	true	true
number-password/a6/m1/n0/c2	match	match	true	true
number-password/a6/m1/n0/c3	match	match	true	true
number-password/a6/m1/n1/c0	match	match	true	true
number-password/a6/m1/n1/c1	match	match	true	true
number-password/a6/m1/n1/c2	match	match	true	true
number-password/a6/m1/n1/c3	match	match	true	true
number-password/a6/m2/n0/c0	match	match	true	true
number-password/a6/m2/n0/c1	match	match	true	true
number-password/a6/m2/n0/c2	match	match	true	true
number-password/a6/m2/n0/c3	match	match	true	true
number-password/a6/m2/n1/c0	match	match	true	true
number-password/a6/m2/n1/c1	match	match	true	true
number-password/a6/m2/n1/c2	match	match	true	true
number-password/a6/m2/n1/c3	match	match	true	true
number-password/a6/m3/n0/c0	match	match	true	true
number-password/a6/m3/n0/c1	match	match	true	true
number-password/a6/m3/n0/c2	match	match	true	true
number-password/a6/m3/n0/c3	match	match	true	true
number-password/a6/m3/n1/c0	match	match	true	true
number-password/a6/m3/n1/c1	match	match	true	true
number-password/a6/m3/n1/c2	match	match	true	true
number-password/a6/m3/n1/c3	match	match	true	true
number-password/a7/m0/n0/c0	match	match	true	true
number-password/a7/m0/n0/c1	match	match	true	true
number-password/a7/m0/n0/c2	match	match	true	true
number-password/a7/m0/n0/c3	match	match	true	true
number-password/a7/m0/n1/c0	match	match	true	true
number-password/a7/m0/n1/c1	match	match	true	true
number-password/a7/m0/n1/c2	match	match	true	true
number-password/a7/m0/n1/c3	match	match	true	true
number-password/a7/m1/n0/c0	match	match	true	true
number-password/a7/m1/n0/c1	match	match	true	true
number-password/a7/m1/n0/c2	match	match	true	true
number-password/a7/m1/n0/c3	match	match	true	true
number-password/a7/m1/n1/c0	match	match	true	true
number-password/a7/m1/n1/c1	match	match	true	true
number-password/a7/m1/n1/c2	match	match	true	true
number-password/a7/m1/n1/c3	match	match	true	true
number-password/a7/m2/n0/c0	match	match	true	true
number-password/a7/m2/n0/c1	match	match	true	true
number-password/a7/m2/n0/c2	match	match	true	true
number-password/a7/m2/n0/c3	match	match	true	true
number-password/a7/m2/n1/c0	match	match	true	true
number-password/a7/m2/n1/c1	match	match	true	true
number-password/a7/m2/n1/c2	match	match	true	true
number-password/a7/m2/n1/c3	match	match	true	true
number-password/a7/m3/n0/c0	match	match	true	true
number-password/a7/m3/n0/c1	match	match	true	true
number-password/a7/m3/n0/c2	match	match	true	true
number-password/a7/m3/n0/c3	match	match	true	true
number-password/a7/m3/n1/c0	match	match	true	true
number-password/a7/m3/n1/c1	match	match	true	true
number-password/a7/m3/n1/c2	match	match	true	true
number-password/a7/m3/n1/c3	match	match	true	true
phone/a0/m0/n0/c0	match	match	true	true
phone/a0/m0/n0/c1	match	match	true	true
phone/a0/m0/n0/c2	match	match	true	true
phone/a0/m0/n0/c3	match	match	true	true
phone/a0/m0/n1/c0	match	match	true	true
phone/a0/m0/n1/c1	match	match	true	true
phone/a0/m0/n1/c2	match	match	true	true
phone/a0/m0/n1/c3	match	match	true	true
phone/a0/m1/n0/c0	match	match	true	true
phone/a0/m1/n0/c1	match	match	true	true
phone/a0/m1/n0/c2	match	match	true	true
phone/a0/m1/n0/c3	match	match	true	true
phone/a0/m1/n1/c0	match	match	true	true
phone/a0/m1/n1/c1	match	match	true	true
phone/a0/m1/n1/c2	match	match	true	true
phone/a0/m1/n1/c3	match	match	true	true
phone/a0/m2/n0/c0	match	match	true	true
phone/a0/m2/n0/c1	match	match	true	true
phone/a0/m2/n0/c2	match	match	true	true
phone/a0/m2/n0/c3	match	match	true	true
phone/a0/m2/n1/c0	match	match	true	true
phone/a0/m2/n1/c1	match	match	true	true
phone/a0/m2/n1/c2	match	match	true	true
phone/a0/m2/n1/c3	match	match	true	true
phone/a0/m3/n0/c0	match	match	true	true
phone/a0/m3/n0/c1	match	match	true	true
phone/a0/m3/n0/c2	match	match	true	true
phone/a0/m3/n0/c3	match	match	true	true
phone/a0/m3/n1/c0	match	match	true	true
phone/a0/m3/n1/c1	match	match	true	true
phone/a0/m3/n1/c2	match	match	true	true
phone/a0/m3/n1/c3	match	match	true	true
phone/a1/m0/n0/c0	match	match	true	true
phone/a1/m0/n0/c1	match	match	true	true
phone/a1/m0/n0/c2	match	match	true	true
phone/a1/m0/n0/c3	match	match	true	true
phone/a1/m0/n1/c0	match	match	true	true
phone/a1/m0/n1/c1	match	match	true	true
phone/a1/m0/n1/c2	match	match	true	true
phone/a1/m0/n1/c3	match	match	true	true
phone/a1/m1/n0/c0	match	match	true	true
phone/a1/m1/n0/c1	match	match	true	true
phone/a1/m1/n0/c2	match	match	true	true
phone/a1/m1/n0/c3	match	match	true	true
phone/a1/m1/n1/c0	match	match	true	true
phone/a1/m1/n1/c1	match	match	true	true
phone/a1/m1/n1/c2	match	match	true	true
phone/a1/m1/n1/c3	match	match	true	true
phone/a1/m2/n0/c0	match	match	true	true
phone/a1/m2/n0/c1	match	match	true	true
phone/a1/m2/n0/c2	match	match	true	true
phone/a1/m2/n0/c3	match	match	true	true
phone/a1/m2/n1/c0	match	match	true	true
phone/a1/m2/n1/c1	match	match	true	true
phone/a1/m2/n1/c2	match	match	true	true
phone/a1/m2/n1/c3	match	match	true	true
phone/a1/m3/n0/c0	match	match	true	true
phone/a1/m3/n0/c1	match	match	true	true
phone/a1/m3/n0/c2	match	match	true	true
phone/a1/m3/n0/c3	match	match	true	true
phone/a1/m3/n1/c0	match	match	true	true
phone/a1/m3/n1/c1	match	match	true	true
phone/a1/m3/n1/c2	match	match	true	true
phone/a1/m3/n1/c3	match	match	true	true
phone/a2/m0/n0/c0	match	match	true	true
phone/a2/m0/n0/c1	match	match	true	true
phone/a2/m0/n0/c2	match	match	true	true
phone/a2/m0/n0/c3	match	match	true	true
phone/a2/m0/n1/c0	match	match	true	true
phone/a2/m0/n1/c1	match	match	true	true
phone/a2/m0/n1/c2	match	match	true	true
phone/a2/m0/n1/c3	match	match	true	true
phone/a2/m1/n0/c0	match	match	true	true
phone/a2/m1/n0/c1	match	match	true	true
phone/a2/m1/n0/c2	match	match	true	true
phone/a2/m1/n0/c3	match	match	true	true
phone/a2/m1/n1/c0	match	match	true	true
phone/a2/m1/n1/c1	match	match	true	true
phone/a2/m1/n1/c2	match	match	true	true
phone/a2/m1/n1/c3	match	match	true	true
phone/a2/m2/n0/c0	match	match	true	true
phone/a2/m2/n0/c1	match	match	true	true
phone/a2/m2/n0/c2	match	match	true	true
phone/a2/m2/n0/c3	match	match	true	true
phone/a2/m2/n1/c0	match	match	true	true
phone/a2/m2/n1/c1	match	match	true	true
phone/a2/m2/n1/c2	match	match	true	true
phone/a2/m2/n1/c3	match	match	true	true
phone/a2/m3/n0/c0	match	match	true	true
phone/a2/m3/n0/c1	match	match	true	true
phone/a2/m3/n0/c2	match	match	true	true
phone/a2/m3/n0/c3	match	match	true	true
phone/a2/m3/n1/c0	match	match	true	true
phone/a2/m3/n1/c1	match	match	true	true
phone/a2/m3/n1/c2	match	match	true	true
phone/a2/m3/n1/c3	match	match	true	true
phone/a3/m0/n0/c0	match	match	true	true
phone/a3/m0/n0/c1	match	match	true	true
phone/a3/m0/n0/c2	match	match	true	true
phone/a3/m0/n0/c3	match	match	true	true
phone/a3/m0/n1/c0	match	match	true	true
phone/a3/m0/n1/c1	match	match	true	true
phone/a3/m0/n1/c2	match	match	true	true
phone/a3/m0/n1/c3	match	match	true	true
phone/a3/m1/n0/c0	match	match	true	true
phone/a3/m1/n0/c1	match	match	true	true
phone/a3/m1/n0/c2	match	match	true	true
phone/a3/m1/n0/c3	match	match	true	true
phone/a3/m1/n1/c0	match	match	true	true
phone/a3/m1/n1/c1	match	match	true	true
phone/a3/m1/n1/c2	match	match	true	true
phone/a3/m1/n1/c3	match	match	true	true
phone/a3/m2/n0/c0	match	match	true	true
phone/a3/m2/n0/c1	match	match	true	true
phone/a3/m2/n0/c2	match	match	true	true
phone/a3/m2/n0/c3	match	match	true	true
phone/a3/m2/n1/c0	match	match	true	true
phone/a3/m2/n1/c1	match	match	true	true
phone/a3/m2/n1/c2	match	match	true	true
phone/a3/m2/n1/c3	match	match	true	true
phone/a3/m3/n0/c0	match	match	true	true
phone/a3/m3/n0/c1	match	match	true	true
phone/a3/m3/n0/c2	match	match	true	true
phone/a3/m3/n0/c3	match	match	true	true
phone/a3/m3/n1/c0	match	match	true	true
phone/a3/m3/n1/c1	match	match	true	true
phone/a3/m3/n1/c2	match	match	true	true
phone/a3/m3/n1/c3	match	match	true	true
phone/a4/m0/n0/c0	match	match	true	true
phone/a4/m0/n0/c1	match	match	true	true
phone/a4/m0/n0/c2	match	match	true	true
phone/a4/m0/n0/c3	match	match	true	true
phone/a4/m0/n1/c0	match	match	true	true
phone/a4/m0/n1/c1	match	match	true	true
phone/a4/m0/n1/c2	match	match	true	true
phone/a4/m0/n1/c3	match	match	true	true
phone/a4/m1/n0/c0	match	match	true	true
phone/a4/m1/n0/c1	match	match	true	true
phone/a4/m1/n0/c2	match	match	true	true
phone/a4/m1/n0/c3	match	match	true	true
phone/a4/m1/n1/c0	match	match	true	true
phone/a4/m1/n1/c1	match	match	true	true
phone/a4/m1/n1/c2	match	match	true	true
phone/a4/m1/n1/c3	match	match	true	true
phone/a4/m2/n0/c0	match	match	true	true
phone/a4/m2/n0/c1	match	match	true	true
phone/a4/m2/n0/c2	match	match	true	true
phone/a4/m2/n0/c3	match	match	true	true
phone/a4/m2/n1/c0	match	match	true	true
phone/a4/m2/n1/c1	match	match	true	true
phone/a4/m2/n1/c2	match	match	true	true
phone/a4/m2/n1/c3	match	match	true	true
phone/a4/m3/n0/c0	match	match	true	true
phone/a4/m3/n0/c1	match	match	true	true
phone/a4/m3/n0/c2	match	match	true	true
phone/a4/m3/n0/c3	match	match	true	true
phone/a4/m3/n1/c0	match	match	true	true
phone/a4/m3/n1/c1	match	match	true	true
phone/a4/m3/n1/c2	match	match	true	true
phone/a4/m3/n1/c3	match	match	true	true
phone/a5/m0/n0/c0	match	match	true	true
phone/a5/m0/n0/c1	match	match	true	true
phone/a5/m0/n0/c2	match	match	true	true
phone/a5/m0/n0/c3	match	match	true	true
phone/a5/m0/n1/c0	match	match	true	true
phone/a5/m0/n1/c1	match	match	true	true
phone/a5/m0/n1/c2	match	match	true	true
phone/a5/m0/n1/c3	match	match	true	true
phone/a5/m1/n0/c0	match	match	true	true
phone/a5/m1/n0/c1	match	match	true	true
phone/a5/m1/n0/c2	match	match	true	true
phone/a5/m1/n0/c3	match	match	true	true
phone/a5/m1/n1/c0	match	match	true	true
phone/a5/m1/n1/c1	match	match	true	true
phone/a5/m1/n1/c2	match	match	true	true
phone/a5/m1/n1/c3	match	match	true	true
phone/a5/m2/n0/c0	match	match	true	true
phone/a5/m2/n0/c1	match	match	true	true
phone/a5/m2/n0/c2	match	match	true	true
phone/a5/m2/n0/c3	match	match	true	true
phone/a5/m2/n1/c0	match	match	true	true
phone/a5/m2/n1/c1	match	match	true	true
phone/a5/m2/n1/c2	match	match	true	true
phone/a5/m2/n1/c3	match	match	true	true
phone/a5/m3/n0/c0	match	match	true	true
phone/a5/m3/n0/c1	match	match	true	true
phone/a5/m3/n0/c2	match	match	true	true
phone/a5/m3/n0/c3	match	match	true	true
phone/a5/m3/n1/c0	match	match	true	true
phone/a5/m3/n1/c1	match	match	true	true
phone/a5/m3/n1/c2	match	match	true	true
phone/a5/m3/n1/c3	match	match	true	true
phone/a6/m0/n0/c0	match	match	true	true
phone/a6/m0/n0/c1	match	match	true	true
phone/a6/m0/n0/c2	match	match	true	true
phone/a6/m0/n0/c3	match	match	true	true
phone/a6/m0/n1/c0	match	match	true	true
phone/a6/m0/n1/c1	match	match	true	true
phone/a6/m0/n1/c2	match	match	true	true
phone/a6/m0/n1/c3	match	match	true	true
phone/a6/m1/n0/c0	match	match	true	true
phone/a6/m1/n0/c1	match	match	true	true
phone/a6/m1/n0/c2	match	match	true	true
phone/a6/m1/n0/c3	match	match	true	true
phone/a6/m1/n1/c0	match	match	true	true
phone/a6/m1/n1/c1	match	match	true	true
phone/a6/m1/n1/c2	match	match	true	true
phone/a6/m1/n1/c3	match	match	true	true
phone/a6/m2/n0/c0	match	match	true	true
phone/a6/m2/n0/c1	match	match	true	true
phone/a6/m2/n0/c2	match	match	true	true
phone/a6/m2/n0/c3	match	match	true	true
phone/a6/m2/n1/c0	match	match	true	true
phone/a6/m2/n1/c1	match	match	true	true
phone/a6/m2/n1/c2	match	match	true	true
phone/a6/m2/n1/c3	match	match	true	true
phone/a6/m3/n0/c0	match	match	true	true
phone/a6/m3/n0/c1	match	match	true	true
phone/a6/m3/n0/c2	match	match	true	true
phone/a6/m3/n0/c3	match	match	true	true
phone/a6/m3/n1/c0	match	match	true	true
phone/a6/m3/n1/c1	match	match	true	true
phone/a6/m3/n1/c2	match	match	true	true
phone/a6/m3/n1/c3	match	match	true	true
phone/a7/m0/n0/c0	match	match	true	true
phone/a7/m0/n0/c1	match	match	true	true
phone/a7/m0/n0/c2	match	match	true	true
phone/a7/m0/n0/c3	match	match	true	true
phone/a7/m0/n1/c0	match	match	true	true
phone/a7/m0/n1/c1	match	match	true	true
phone/a7/m0/n1/c2	match	match	true	true
phone/a7/m0/n1/c3	match	match	true	true
phone/a7/m1/n0/c0	match	match	true	true
phone/a7/m1/n0/c1	match	match	true	true
phone/a7/m1/n0/c2	match	match	true	true
phone/a7/m1/n0/c3	match	match	true	true
phone/a7/m1/n1/c0	match	match	true	true
phone/a7/m1/n1/c1	match	match	true	true
phone/a7/m1/n1/c2	match	match	true	true
phone/a7/m1/n1/c3	match	match	true	true
phone/a7/m2/n0/c0	match	match	true	true
phone/a7/m2/n0/c1	match	match	true	true
phone/a7/m2/n0/c2	match	match	true	true
phone/a7/m2/n0/c3	match	match	true	true
phone/a7/m2/n1/c0	match	match	true	true
phone/a7/m2/n1/c1	match	match	true	true
phone/a7/m2/n1/c2	match	match	true	true
phone/a7/m2/n1/c3	match	match	true	true
phone/a7/m3/n0/c0	match	match	true	true
phone/a7/m3/n0/c1	match	match	true	true
phone/a7/m3/n0/c2	match	match	true	true
phone/a7/m3/n0/c3	match	match	true	true
phone/a7/m3/n1/c0	match	match	true	true
phone/a7/m3/n1/c1	match	match	true	true
phone/a7/m3/n1/c2	match	match	true	true
phone/a7/m3/n1/c3	match	match	true	true
datetime/a0/m0/n0/c0	match	match	true	true
datetime/a0/m0/n0/c1	match	match	true	true
datetime/a0/m0/n0/c2	match	match	true	true
datetime/a0/m0/n0/c3	match	match	true	true
datetime/a0/m0/n1/c0	match	match	true	true
datetime/a0/m0/n1/c1	match	match	true	true
datetime/a0/m0/n1/c2	match	match	true	true
datetime/a0/m0/n1/c3	match	match	true	true
datetime/a0/m1/n0/c0	match	match	true	true
datetime/a0/m1/n0/c1	match	match	true	true
datetime/a0/m1/n0/c2	match	match	true	true
datetime/a0/m1/n0/c3	match	match	true	true
datetime/a0/m1/n1/c0	match	match	true	true
datetime/a0/m1/n1/c1	match	match	true	true
datetime/a0/m1/n1/c2	match	match	true	true
datetime/a0/m1/n1/c3	match	match	true	true
datetime/a0/m2/n0/c0	match	match	true	true
datetime/a0/m2/n0/c1	match	match	true	true
datetime/a0/m2/n0/c2	match	match	true	true
datetime/a0/m2/n0/c3	match	match	true	true
datetime/a0/m2/n1/c0	match	match	true	true
datetime/a0/m2/n1/c1	match	match	true	true
datetime/a0/m2/n1/c2	match	match	true	true
datetime/a0/m2/n1/c3	match	match	true	true
datetime/a0/m3/n0/c0	match	match	true	true
datetime/a0/m3/n0/c1	match	match	true	true
datetime/a0/m3/n0/c2	match	match	true	true
datetime/a0/m3/n0/c3	match	match	true	true
datetime/a0/m3/n1/c0	match	match	true	true
datetime/a0/m3/n1/c1	match	match	true	true
datetime/a0/m3/n1/c2	match	match	true	true
datetime/a0/m3/n1/c3	match	match	true	true
datetime/a1/m0/n0/c0	match	match	true	true
datetime/a1/m0/n0/c1	match	match	true	true
datetime/a1/m0/n0/c2	match	match	true	true
datetime/a1/m0/n0/c3	match	match	true	true
datetime/a1/m0/n1/c0	match	match	true	true
datetime/a1/m0/n1/c1	match	match	true	true
datetime/a1/m0/n1/c2	match	match	true	true
datetime/a1/m0/n1/c3	match	match	true	true
datetime/a1/m1/n0/c0	match	match	true	true
datetime/a1/m1/n0/c1	match	match	true	true
datetime/a1/m1/n0/c2	match	match	true	true
datetime/a1/m1/n0/c3	match	match	true	true
datetime/a1/m1/n1/c0	match	match	true	true
datetime/a1/m1/n1/c1	match	match	true	true
datetime/a1/m1/n1/c2	match	match	true	true
datetime/a1/m1/n1/c3	match	match	true	true
datetime/a1/m2/n0/c0	match	match	true	true
datetime/a1/m2/n0/c1	match	match	true	true
datetime/a1/m2/n0/c2	match	match	true	true
datetime/a1/m2/n0/c3	match	match	true	true
datetime/a1/m2/n1/c0	match	match	true	true
datetime/a1/m2/n1/c1	match	match	true	true
datetime/a1/m2/n1/c2	match	match	true	true
datetime/a1/m2/n1/c3	match	match	true	true
datetime/a1/m3/n0/c0	match	match	true	true
datetime/a1/m3/n0/c1	match	match	true	true
datetime/a1/m3/n0/c2	match	match	true	true
datetime/a1/m3/n0/c3	match	match	true	true
datetime/a1/m3/n1/c0	match	match	true	true
datetime/a1/m3/n1/c1	match	match	true	true
datetime/a1/m3/n1/c2	match	match	true	true
datetime/a1/m3/n1/c3	match	match	true	true
datetime/a2/m0/n0/c0	match	match	true	true
datetime/a2/m0/n0/c1	match	match	true	true
datetime/a2/m0/n0/c2	match	match	true	true
datetime/a2/m0/n0/c3	match	match	true	true
datetime/a2/m0/n1/c0	match	match	true	true
datetime/a2/m0/n1/c1	match	match	true	true
datetime/a2/m0/n1/c2	match	match	true	true
datetime/a2/m0/n1/c3	match	match	true	true
datetime/a2/m1/n0/c0	match	match	true	true
datetime/a2/m1/n0/c1	match	match	true	true
datetime/a2/m1/n0/c2	match	match	true	true
datetime/a2/m1/n0/c3	match	match	true	true
datetime/a2/m1/n1/c0	match	match	true	true
datetime/a2/m1/n1/c1	match	match	true	true
datetime/a2/m1/n1/c2	match	match	true	true
datetime/a2/m1/n1/c3	match	match	true	true
datetime/a2/m2/n0/c0	match	match	true	true
datetime/a2/m2/n0/c1	match	match	true	true
datetime/a2/m2/n0/c2	match	match	true	true
datetime/a2/m2/n0/c3	match	match	true	true
datetime/a2/m2/n1/c0	match	match	true	true
datetime/a2/m2/n1/c1	match	match	true	true
datetime/a2/m2/n1/c2	match	match	true	true
datetime/a2/m2/n1/c3	match	match	true	true
datetime/a2/m3/n0/c0	match	match	true	true
datetime/a2/m3/n0/c1	match	match	true	true
datetime/a2/m3/n0/c2	match	match	true	true
datetime/a2/m3/n0/c3	match	match	true	true
datetime/a2/m3/n1/c0	match	match	true	true
datetime/a2/m3/n1/c1	match	match	true	true
datetime/a2/m3/n1/c2	match	match	true	true
datetime/a2/m3/n1/c3	match	match	true	true
datetime/a3/m0/n0/c0	match	match	true	true
datetime/a3/m0/n0/c1	match	match	true	true
datetime/a3/m0/n0/c2	match	match	true	true
datetime/a3/m0/n0/c3	match	match	true	true
datetime/a3/m0/n1/c0	match	match	true	true
datetime/a3/m0/n1/c1	match	match	true	true
datetime/a3/m0/n1/c2	match	match	true	true
datetime/a3/m0/n1/c3	match	match	true	true
datetime/a3/m1/n0/c0	match	match	true	true
datetime/a3/m1/n0/c1	match	match	true	true
datetime/a3/m1/n0/c2	match	match	true	true
datetime/a3/m1/n0/c3	match	match	true	true
datetime/a3/m1/n1/c0	match	match	true	true
datetime/a3/m1/n1/c1	match	match	true	true
datetime/a3/m1/n1/c2	match	match	true	true
datetime/a3/m1/n1/c3	match	match	true	true
datetime/a3/m2/n0/c0	match	match	true	true
datetime/a3/m2/n0/c1	match	match	true	true
datetime/a3/m2/n0/c2	match	match	true	true
datetime/a3/m2/n0/c3	match	match	true	true
datetime/a3/m2/n1/c0	match	match	true	true
datetime/a3/m2/n1/c1	match	match	true	true
datetime/a3/m2/n1/c2	match	match	true	true
datetime/a3/m2/n1/c3	match	match	true	true
datetime/a3/m3/n0/c0	match	match	true	true
datetime/a3/m3/n0/c1	match	match	true	true
datetime/a3/m3/n0/c2	match	match	true	true
datetime/a3/m3/n0/c3	match	match	true	true
datetime/a3/m3/n1/c0	match	match	true	true
datetime/a3/m3/n1/c1	match	match	true	true
datetime/a3/m3/n1/c2	match	match	true	true
datetime/a3/m3/n1/c3	match	match	true	true
datetime/a4/m0/n0/c0	match	match	true	true
datetime/a4/m0/n0/c1	match	match	true	true
datetime/a4/m0/n0/c2	match	match	true	true
datetime/a4/m0/n0/c3	match	match	true	true
datetime/a4/m0/n1/c0	match	match	true	true
datetime/a4/m0/n1/c1	match	match	true	true
datetime/a4/m0/n1/c2	match	match	true	true
datetime/a4/m0/n1/c3	match	match	true	true
datetime/a4/m1/n0/c0	match	match	true	true
datetime/a4/m1/n0/c1	match	match	true	true
datetime/a4/m1/n0/c2	match	match	true	true
datetime/a4/m1/n0/c3	match	match	true	true
datetime/a4/m1/n1/c0	match	match	true	true
datetime/a4/m1/n1/c1	match	match	true	true
datetime/a4/m1/n1/c2	match	match	true	true
datetime/a4/m1/n1/c3	match	match	true	true
datetime/a4/m2/n0/c0	match	match	true	true
datetime/a4/m2/n0/c1	match	match	true	true
datetime/a4/m2/n0/c2	match	match	true	true
datetime/a4/m2/n0/c3	match	match	true	true
datetime/a4/m2/n1/c0	match	match	true	true
datetime/a4/m2/n1/c1	match	match	true	true
datetime/a4/m2/n1/c2	match	match	true	true
datetime/a4/m2/n1/c3	match	match	true	true
datetime/a4/m3/n0/c0	match	match	true	true
datetime/a4/m3/n0/c1	match	match	true	true
datetime/a4/m3/n0/c2	match	match	true	true
datetime/a4/m3/n0/c3	match	match	true	true
datetime/a4/m3/n1/c0	match	match	true	true
datetime/a4/m3/n1/c1	match	match	true	true
datetime/a4/m3/n1/c2	match	match	true	true
datetime/a4/m3/n1/c3	match	match	true	true
datetime/a5/m0/n0/c0	match	match	true	true
datetime/a5/m0/n0/c1	match	match	true	true
datetime/a5/m0/n0/c2	match	match	true	true
datetime/a5/m0/n0/c3	match	match	true	true
datetime/a5/m0/n1/c0	match	match	true	true
datetime/a5/m0/n1/c1	match	match	true	true
datetime/a5/m0/n1/c2	match	match	true	true
datetime/a5/m0/n1/c3	match	match	true	true
datetime/a5/m1/n0/c0	match	match	true	true
datetime/a5/m1/n0/c1	match	match	true	true
datetime/a5/m1/n0/c2	match	match	true	true
datetime/a5/m1/n0/c3	match	match	true	true
datetime/a5/m1/n1/c0	match	match	true	true
datetime/a5/m1/n1/c1	match	match	true	true
datetime/a5/m1/n1/c2	match	match	true	true
datetime/a5/m1/n1/c3	match	match	true	true
datetime/a5/m2/n0/c0	match	match	true	true
datetime/a5/m2/n0/c1	match	match	true	true
datetime/a5/m2/n0/c2	match	match	true	true
datetime/a5/m2/n0/c3	match	match	true	true
datetime/a5/m2/n1/c0	match	match	true	true
datetime/a5/m2/n1/c1	match	match	true	true
datetime/a5/m2/n1/c2	match	match	true	true
datetime/a5/m2/n1/c3	match	match	true	true
datetime/a5/m3/n0/c0	match	match	true	true
datetime/a5/m3/n0/c1	match	match	true	true
datetime/a5/m3/n0/c2	match	match	true	true
datetime/a5/m3/n0/c3	match	match	true	true
datetime/a5/m3/n1/c0	match	match	true	true
datetime/a5/m3/n1/c1	match	match	true	true
datetime/a5/m3/n1/c2	match	match	true	true
datetime/a5/m3/n1/c3	match	match	true	true
datetime/a6/m0/n0/c0	match	match	true	true
datetime/a6/m0/n0/c1	match	match	true	true
datetime/a6/m0/n0/c2	match	match	true	true
datetime/a6/m0/n0/c3	match	match	true	true
datetime/a6/m0/n1/c0	match	match	true	true
datetime/a6/m0/n1/c1	match	match	true	true
datetime/a6/m0/n1/c2	match	match	true	true
datetime/a6/m0/n1/c3	match	match	true	true
datetime/a6/m1/n0/c0	match	match	true	true
datetime/a6/m1/n0/c1	match	match	true	true
datetime/a6/m1/n0/c2	match	match	true	true
datetime/a6/m1/n0/c3	match	match	true	true
datetime/a6/m1/n1/c0	match	match	true	true
datetime/a6/m1/n1/c1	match	match	true	true
datetime/a6/m1/n1/c2	match	match	true	true
datetime/a6/m1/n1/c3	match	match	true	true
datetime/a6/m2/n0/c0	match	match	true	true
datetime/a6/m2/n0/c1	match	match	true	true
datetime/a6/m2/n0/c2	match	match	true	true
datetime/a6/m2/n0/c3	match	match	true	true
datetime/a6/m2/n1/c0	match	match	true	true
datetime/a6/m2/n1/c1	match	match	true	true
datetime/a6/m2/n1/c2	match	match	true	true
datetime/a6/m2/n1/c3	match	match	true	true
datetime/a6/m3/n0/c0	match	match	true	true
datetime/a6/m3/n0/c1	match	match	true	true
datetime/a6/m3/n0/c2	match	match	true	true
datetime/a6/m3/n0/c3	match	match	true	true
datetime/a6/m3/n1/c0	match	match	true	true
datetime/a6/m3/n1/c1	match	match	true	true
datetime/a6/m3/n1/c2	match	match	true	true
datetime/a6/m3/n1/c3	match	match	true	true
datetime/a7/m0/n0/c0	match	match	true	true
datetime/a7/m0/n0/c1	match	match	true	true
datetime/a7/m0/n0/c2	match	match	true	true
datetime/a7/m0/n0/c3	match	match	true	true
datetime/a7/m0/n1/c0	match	match	true	true
datetime/a7/m0/n1/c1	match	match	true	true
datetime/a7/m0/n1/c2	match	match	true	true
datetime/a7/m0/n1/c3	match	match	true	true
datetime/a7/m1/n0/c0	match	match	true	true
datetime/a7/m1/n0/c1	match	match	true	true
datetime/a7/m1/n0/c2	match	match	true	true
datetime/a7/m1/n0/c3	match	match	true	true
datetime/a7/m1/n1/c0	match	match	true	true
datetime/a7/m1/n1/c1	match	match	true	true
datetime/a7/m1/n1/c2	match	match	true	true
datetime/a7/m1/n1/c3	match	match	true	true
datetime/a7/m2/n0/c0	match	match	true	true
datetime/a7/m2/n0/c1	match	match	true	true
datetime/a7/m2/n0/c2	match	match	true	true
datetime/a7/m2/n0/c3	match	match	true	true
datetime/a7/m2/n1/c0	match	match	true	true
datetime/a7/m2/n1/c1	match	match	true	true
datetime/a7/m2/n1/c2	match	match	true	true
datetime/a7/m2/n1/c3	match	match	true	true
datetime/a7/m3/n0/c0	match	match	true	true
datetime/a7/m3/n0/c1	match	match	true	true
datetime/a7/m3/n0/c2	match	match	true	true
datetime/a7/m3/n0/c3	match	match	true	true
datetime/a7/m3/n1/c0	match	match	true	true
datetime/a7/m3/n1/c1	match	match	true	true
datetime/a7/m3/n1/c2	match	match	true	true
datetime/a7/m3/n1/c3	match	match	true	true
date/a0/m0/n0/c0	match	match	true	true
date/a0/m0/n0/c1	match	match	true	true
date/a0/m0/n0/c2	match	match	true	true
date/a0/m0/n0/c3	match	match	true	true
date/a0/m0/n1/c0	match	match	true	true
date/a0/m0/n1/c1	match	match	true	true
date/a0/m0/n1/c2	match	match	true	true
date/a0/m0/n1/c3	match	match	true	true
date/a0/m1/n0/c0	match	match	true	true
date/a0/m1/n0/c1	match	match	true	true
date/a0/m1/n0/c2	match	match	true	true
date/a0/m1/n0/c3	match	match	true	true
date/a0/m1/n1/c0	match	match	true	true
date/a0/m1/n1/c1	match	match	true	true
date/a0/m1/n1/c2	match	match	true	true
date/a0/m1/n1/c3	match	match	true	true
date/a0/m2/n0/c0	match	match	true	true
date/a0/m2/n0/c1	match	match	true	true
date/a0/m2/n0/c2	match	match	true	true
date/a0/m2/n0/c3	match	match	true	true
date/a0/m2/n1/c0	match	match	true	true
date/a0/m2/n1/c1	match	match	true	true
date/a0/m2/n1/c2	match	match	true	true
date/a0/m2/n1/c3	match	match	true	true
date/a0/m3/n0/c0	match	match	true	true
date/a0/m3/n0/c1	match	match	true	true
date/a0/m3/n0/c2	match	match	true	true
date/a0/m3/n0/c3	match	match	true	true
date/a0/m3/n1/c0	match	match	true	true
date/a0/m3/n1/c1	match	match	true	true
date/a0/m3/n1/c2	match	match	true	true
date/a0/m3/n1/c3	match	match	true	true
date/a1/m0/n0/c0	match	match	true	true
date/a1/m0/n0/c1	match	match	true	true
date/a1/m0/n0/c2	match	match	true	true
date/a1/m0/n0/c3	match	match	true	true
date/a1/m0/n1/c0	match	match	true	true
date/a1/m0/n1/c1	match	match	true	true
date/a1/m0/n1/c2	match	match	true	true
date/a1/m0/n1/c3	match	match	true	true
date/a1/m1/n0/c0	match	match	true	true
date/a1/m1/n0/c1	match	match	true	true
date/a1/m1/n0/c2	match	match	true	true
date/a1/m1/n0/c3	match	match	true	true
date/a1/m1/n1/c0	match	match	true	true
date/a1/m1/n1/c1	match	match	true	true
date/a1/m1/n1/c2	match	match	true	true
date/a1/m1/n1/c3	match	match	true	true
date/a1/m2/n0/c0	match	match	true	true
date/a1/m2/n0/c1	match	match	true	true
date/a1/m2/n0/c2	match	match	true	true
date/a1/m2/n0/c3	match	match	true	true
date/a1/m2/n1/c0	match	match	true	true
date/a1/m2/n1/c1	match	match	true	true
date/a1/m2/n1/c2	match	match	true	true
date/a1/m2/n1/c3	match	match	true	true
date/a1/m3/n0/c0	match	match	true	true
date/a1/m3/n0/c1	match	match	true	true
date/a1/m3/n0/c2	match	match	true	true
date/a1/m3/n0/c3	match	match	true	true
date/a1/m3/n1/c0	match	match	true	true
date/a1/m3/n1/c1	match	match	true	true
date/a1/m3/n1/c2	match	match	true	true
date/a1/m3/n1/c3	match	match	true	true
date/a2/m0/n0/c0	match	match	true	true
date/a2/m0/n0/c1	match	match	true	true
date/a2/m0/n0/c2	match	match	true	true
date/a2/m0/n0/c3	match	match	true	true
date/a2/m0/n1/c0	match	match	true	true
date/a2/m0/n1/c1	match	match	true	true
date/a2/m0/n1/c2	match	match	true	true
date/a2/m0/n1/c3	match	match	true	true
date/a2/m1/n0/c0	match	match	true	true
date/a2/m1/n0/c1	match	match	true	true
date/a2/m1/n0/c2	match	match	true	true
date/a2/m1/n0/c3	match	match	true	true
date/a2/m1/n1/c0	match	match	true	true
date/a2/m1/n1/c1	match	match	true	true
date/a2/m1/n1/c2	match	match	true	true
date/a2/m1/n1/c3	match	match	true	true
date/a2/m2/n0/c0	match	match	true	true
date/a2/m2/n0/c1	match	match	true	true
date/a2/m2/n0/c2	match	match	true	true
date/a2/m2/n0/c3	match	match	true	true
date/a2/m2/n1/c0	match	match	true	true
date/a2/m2/n1/c1	match	match	true	true
date/a2/m2/n1/c2	match	match	true	true
date/a2/m2/n1/c3	match	match	true	true
date/a2/m3/n0/c0	match	match	true	true
date/a2/m3/n0/c1	match	match	true	true
date/a2/m3/n0/c2	match	match	true	true
date/a2/m3/n0/c3	match	match	true	true
date/a2/m3/n1/c0	match	match	true	true
date/a2/m3/n1/c1	match	match	true	true
date/a2/m3/n1/c2	match	match	true	true
date/a2/m3/n1/c3	match	match	true	true
date/a3/m0/n0/c0	match	match	true	true
date/a3/m0/n0/c1	match	match	true	true
date/a3/m0/n0/c2	match	match	true	true
date/a3/m0/n0/c3	match	match	true	true
date/a3/m0/n1/c0	match	match	true	true
date/a3/m0/n1/c1	match	match	true	true
date/a3/m0/n1/c2	match	match	true	true
date/a3/m0/n1/c3	match	match	true	true
date/a3/m1/n0/c0	match	match	true	true
date/a3/m1/n0/c1	match	match	true	true
date/a3/m1/n0/c2	match	match	true	true
date/a3/m1/n0/c3	match	match	true	true
date/a3/m1/n1/c0	match	match	true	true
date/a3/m1/n1/c1	match	match	true	true
date/a3/m1/n1/c2	match	match	true	true
date/a3/m1/n1/c3	match	match	true	true
date/a3/m2/n0/c0	match	match	true	true
date/a3/m2/n0/c1	match	match	true	true
date/a3/m2/n0/c2	match	match	true	true
date/a3/m2/n0/c3	match	match	true	true
date/a3/m2/n1/c0	match	match	true	true
date/a3/m2/n1/c1	match	match	true	true
date/a3/m2/n1/c2	match	match	true	true
date/a3/m2/n1/c3	match	match	true	true
date/a3/m3/n0/c0	match	match	true	true
date/a3/m3/n0/c1	match	match	true	true
date/a3/m3/n0/c2	match	match	true	true
date/a3/m3/n0/c3	match	match	true	true
date/a3/m3/n1/c0	match	match	true	true
date/a3/m3/n1/c1	match	match	true	true
date/a3/m3/n1/c2	match	match	true	true
date/a3/m3/n1/c3	match	match	true	true
date/a4/m0/n0/c0	match	match	true	true
date/a4/m0/n0/c1	match	match	true	true
date/a4/m0/n0/c2	match	match	true	true
date/a4/m0/n0/c3	match	match	true	true
date/a4/m0/n1/c0	match	match	true	true
date/a4/m0/n1/c1	match	match	true	true
date/a4/m0/n1/c2	match	match	true	true
date/a4/m0/n1/c3	match	match	true	true
date/a4/m1/n0/c0	match	match	true	true
date/a4/m1/n0/c1	match	match	true	true
date/a4/m1/n0/c2	match	match	true	true
date/a4/m1/n0/c3	match	match	true	true
date/a4/m1/n1/c0	match	match	true	true
date/a4/m1/n1/c1	match	match	true	true
date/a4/m1/n1/c2	match	match	true	true
date/a4/m1/n1/c3	match	match	true	true
date/a4/m2/n0/c0	match	match	true	true
date/a4/m2/n0/c1	match	match	true	true
date/a4/m2/n0/c2	match	match	true	true
date/a4/m2/n0/c3	match	match	true	true
date/a4/m2/n1/c0	match	match	true	true
date/a4/m2/n1/c1	match	match	true	true
date/a4/m2/n1/c2	match	match	true	true
date/a4/m2/n1/c3	match	match	true	true
date/a4/m3/n0/c0	match	match	true	true
date/a4/m3/n0/c1	match	match	true	true
date/a4/m3/n0/c2	match	match	true	true
date/a4/m3/n0/c3	match	match	true	true
date/a4/m3/n1/c0	match	match	true	true
date/a4/m3/n1/c1	match	match	true	true
date/a4/m3/n1/c2	match	match	true	true
date/a4/m3/n1/c3	match	match	true	true
date/a5/m0/n0/c0	match	match	true	true
date/a5/m0/n0/c1	match	match	true	true
date/a5/m0/n0/c2	match	match	true	true
date/a5/m0/n0/c3	match	match	true	true
date/a5/m0/n1/c0	match	match	true	true
date/a5/m0/n1/c1	match	match	true	true
date/a5/m0/n1/c2	match	match	true	true
date/a5/m0/n1/c3	match	match	true	true
date/a5/m1/n0/c0	match	match	true	true
date/a5/m1/n0/c1	match	match	true	true
date/a5/m1/n0/c2	match	match	true	true
date/a5/m1/n0/c3	match	match	true	true
date/a5/m1/n1/c0	match	match	true	true
date/a5/m1/n1/c1	match	match	true	true
date/a5/m1/n1/c2	match	match	true	true
date/a5/m1/n1/c3	match	match	true	true
date/a5/m2/n0/c0	match	match	true	true
date/a5/m2/n0/c1	match	match	true	true
date/a5/m2/n0/c2	match	match	true	true
date/a5/m2/n0/c3	match	match	true	true
date/a5/m2/n1/c0	match	match	true	true
date/a5/m2/n1/c1	match	match	true	true
date/a5/m2/n1/c2	match	match	true	true
date/a5/m2/n1/c3	match	match	true	true
date/a5/m3/n0/c0	match	match	true	true
date/a5/m3/n0/c1	match	match	true	true
date/a5/m3/n0/c2	match	match	true	true
date/a5/m3/n0/c3	match	match	true	true
date/a5/m3/n1/c0	match	match	true	true
date/a5/m3/n1/c1	match	match	true	true
date/a5/m3/n1/c2	match	match	true	true
date/a5/m3/n1/c3	match	match	true	true
date/a6/m0/n0/c0	match	match	true	true
date/a6/m0/n0/c1	match	match	true	true
date/a6/m0/n0/c2	match	match	true	true
date/a6/m0/n0/c3	match	match	true	true
date/a6/m0/n1/c0	match	match	true	true
date/a6/m0/n1/c1	match	match	true	true
date/a6/m0/n1/c2	match	match	true	true
date/a6/m0/n1/c3	match	match	true	true
date/a6/m1/n0/c0	match	match	true	true
date/a6/m1/n0/c1	match	match	true	true
date/a6/m1/n0/c2	match	match	true	true
date/a6/m1/n0/c3	match	match	true	true
date/a6/m1/n1/c0	match	match	true	true
date/a6/m1/n1/c1	match	match	true	true
date/a6/m1/n1/c2	match	match	true	true
date/a6/m1/n1/c3	match	match	true	true
date/a6/m2/n0/c0	match	match	true	true
date/a6/m2/n0/c1	match	match	true	true
date/a6/m2/n0/c2	match	match	true	true
date/a6/m2/n0/c3	match	match	true	true
date/a6/m2/n1/c0	match	match	true	true
date/a6/m2/n1/c1	match	match	true	true
date/a6/m2/n1/c2	match	match	true	true
date/a6/m2/n1/c3	match	match	true	true
date/a6/m3/n0/c0	match	match	true	true
date/a6/m3/n0/c1	match	match	true	true
date/a6/m3/n0/c2	match	match	true	true
date/a6/m3/n0/c3	match	match	true	true
date/a6/m3/n1/c0	match	match	true	true
date/a6/m3/n1/c1	match	match	true	true
date/a6/m3/n1/c2	match	match	true	true
date/a6/m3/n1/c3	match	match	true	true
date/a7/m0/n0/c0	match	match	true	true
date/a7/m0/n0/c1	match	match	true	true
date/a7/m0/n0/c2	match	match	true	true
date/a7/m0/n0/c3	match	match	true	true
date/a7/m0/n1/c0	match	match	true	true
date/a7/m0/n1/c1	match	match	true	true
date/a7/m0/n1/c2	match	match	true	true
date/a7/m0/n1/c3	match	match	true	true
date/a7/m1/n0/c0	match	match	true	true
date/a7/m1/n0/c1	match	match	true	true
date/a7/m1/n0/c2	match	match	true	true
date/a7/m1/n0/c3	match	match	true	true
date/a7/m1/n1/c0	match	match	true	true
date/a7/m1/n1/c1	match	match	true	true
date/a7/m1/n1/c2	match	match	true	true
date/a7/m1/n1/c3	match	match	true	true
date/a7/m2/n0/c0	match	match	true	true
date/a7/m2/n0/c1	match	match	true	true
date/a7/m2/n0/c2	match	match	true	true
date/a7/m2/n0/c3	match	match	true	true
date/a7/m2/n1/c0	match	match	true	true
date/a7/m2/n1/c1	match	match	true	true
date/a7/m2/n1/c2	match	match	true	true
date/a7/m2/n1/c3	match	match	true	true
date/a7/m3/n0/c0	match	match	true	true
date/a7/m3/n0/c1	match	match	true	true
date/a7/m3/n0/c2	match	match	true	true
date/a7/m3/n0/c3	match	match	true	true
date/a7/m3/n1/c0	match	match	true	true
date/a7/m3/n1/c1	match	match	true	true
date/a7/m3/n1/c2	match	match	true	true
date/a7/m3/n1/c3	match	match	true	true
time/a0/m0/n0/c0	match	match	true	true
time/a0/m0/n0/c1	match	match	true	true
time/a0/m0/n0/c2	match	match	true	true
time/a0/m0/n0/c3	match	match	true	true
time/a0/m0/n1/c0	match	match	true	true
time/a0/m0/n1/c1	match	match	true	true
time/a0/m0/n1/c2	match	match	true	true
time/a0/m0/n1/c3	match	match	true	true
time/a0/m1/n0/c0	match	match	true	true
time/a0/m1/n0/c1	match	match	true	true
time/a0/m1/n0/c2	match	match	true	true
time/a0/m1/n0/c3	match	match	true	true
time/a0/m1/n1/c0	match	match	true	true
time/a0/m1/n1/c1	match	match	true	true
time/a0/m1/n1/c2	match	match	true	true
time/a0/m1/n1/c3	match	match	true	true
time/a0/m2/n0/c0	match	match	true	true
time/a0/m2/n0/c1	match	match	true	true
time/a0/m2/n0/c2	match	match	true	true
time/a0/m2/n0/c3	match	match	true	true
time/a0/m2/n1/c0	match	match	true	true
time/a0/m2/n1/c1	match	match	true	true
time/a0/m2/n1/c2	match	match	true	true
time/a0/m2/n1/c3	match	match	true	true
time/a0/m3/n0/c0	match	match	true	true
time/a0/m3/n0/c1	match	match	true	true
time/a0/m3/n0/c2	match	match	true	true
time/a0/m3/n0/c3	match	match	true	true
time/a0/m3/n1/c0	match	match	true	true
time/a0/m3/n1/c1	match	match	true	true
time/a0/m3/n1/c2	match	match	true	true
time/a0/m3/n1/c3	match	match	true	true
time/a1/m0/n0/c0	match	match	true	true
time/a1/m0/n0/c1	match	match	true	true
time/a1/m0/n0/c2	match	match	true	true
time/a1/m0/n0/c3	match	match	true	true
time/a1/m0/n1/c0	match	match	true	true
time/a1/m0/n1/c1	match	match	true	true
time/a1/m0/n1/c2	match	match	true	true
time/a1/m0/n1/c3	match	match	true	true
time/a1/m1/n0/c0	match	match	true	true
time/a1/m1/n0/c1	match	match	true	true
time/a1/m1/n0/c2	match	match	true	true
time/a1/m1/n0/c3	match	match	true	true
time/a1/m1/n1/c0	match	match	true	true
time/a1/m1/n1/c1	match	match	true	true
time/a1/m1/n1/c2	match	match	true	true
time/a1/m1/n1/c3	match	match	true	true
time/a1/m2/n0/c0	match	match	true	true
time/a1/m2/n0/c1	match	match	true	true
time/a1/m2/n0/c2	match	match	true	true
time/a1/m2/n0/c3	match	match	true	true
time/a1/m2/n1/c0	match	match	true	true
time/a1/m2/n1/c1	match	match	true	true
time/a1/m2/n1/c2	match	match	true	true
time/a1/m2/n1/c3	match	match	true	true
time/a1/m3/n0/c0	match	match	true	true
time/a1/m3/n0/c1	match	match	true	true
time/a1/m3/n0/c2	match	match	true	true
time/a1/m3/n0/c3	match	match	true	true
time/a1/m3/n1/c0	match	match	true	true
time/a1/m3/n1/c1	match	match	true	true
time/a1/m3/n1/c2	match	match	true	true
time/a1/m3/n1/c3	match	match	true	true
time/a2/m0/n0/c0	match	match	true	true
time/a2/m0/n0/c1	match	match	true	true
time/a2/m0/n0/c2	match	match	true	true
time/a2/m0/n0/c3	match	match	true	true
time/a2/m0/n1/c0	match	match	true	true
time/a2/m0/n1/c1	match	match	true	true
time/a2/m0/n1/c2	match	match	true	true
time/a2/m0/n1/c3	match	match	true	true
time/a2/m1/n0/c0	match	match	true	true
time/a2/m1/n0/c1	match	match	true	true
time/a2/m1/n0/c2	match	match	true	true
time/a2/m1/n0/c3	match	match	true	true
time/a2/m1/n1/c0	match	match	true	true
time/a2/m1/n1/c1	match	match	true	true
time/a2/m1/n1/c2	match	match	true	true
time/a2/m1/n1/c3	match	match	true	true
time/a2/m2/n0/c0	match	match	true	true
time/a2/m2/n0/c1	match	match	true	true
time/a2/m2/n0/c2	match	match	true	true
time/a2/m2/n0/c3	match	match	true	true
time/a2/m2/n1/c0	match	match	true	true
time/a2/m2/n1/c1	match	match	true	true
time/a2/m2/n1/c2	match	match	true	true
time/a2/m2/n1/c3	match	match	true	true
time/a2/m3/n0/c0	match	match	true	true
time/a2/m3/n0/c1	match	match	true	true
time/a2/m3/n0/c2	match	match	true	true
time/a2/m3/n0/c3	match	match	true	true
time/a2/m3/n1/c0	match	match	true	true
time/a2/m3/n1/c1	match	match	true	true
time/a2/m3/n1/c2	match	match	true	true
time/a2/m3/n1/c3	match	match	true	true
time/a3/m0/n0/c0	match	match	true	true
time/a3/m0/n0/c1	match	match	true	true
time/a3/m0/n0/c2	match	match	true	true
time/a3/m0/n0/c3	match	match	true	true
time/a3/m0/n1/c0	match	match	true	true
time/a3/m0/n1/c1	match	match	true	true
time/a3/m0/n1/c2	match	match	true	true
time/a3/m0/n1/c3	match	match	true	true
time/a3/m1/n0/c0	match	match	true	true
time/a3/m1/n0/c1	match	match	true	true
time/a3/m1/n0/c2	match	match	true	true
time/a3/m1/n0/c3	match	match	true	true
time/a3/m1/n1/c0	match	match	true	true
time/a3/m1/n1/c1	match	match	true	true
time/a3/m1/n1/c2	match	match	true	true
time/a3/m1/n1/c3	match	match	true	true
time/a3/m2/n0/c0	match	match	true	true
time/a3/m2/n0/c1	match	match	true	true
time/a3/m2/n0/c2	match	match	true	true
time/a3/m2/n0/c3	match	match	true	true
time/a3/m2/n1/c0	match	match	true	true
time/a3/m2/n1/c1	match	match	true	true
time/a3/m2/n1/c2	match	match	true	true
time/a3/m2/n1/c3	match	match	true	true
time/a3/m3/n0/c0	match	match	true	true
time/a3/m3/n0/c1	match	match	true	true
time/a3/m3/n0/c2	match	match	true	true
time/a3/m3/n0/c3	match	match	true	true
time/a3/m3/n1/c0	match	match	true	true
time/a3/m3/n1/c1	match	match	true	true
time/a3/m3/n1/c2	match	match	true	true
time/a3/m3/n1/c3	match	match	true	true
time/a4/m0/n0/c0	match	match	true	true
time/a4/m0/n0/c1	match	match	true	true
time/a4/m0/n0/c2	match	match	true	true
time/a4/m0/n0/c3	match	match	true	true
time/a4/m0/n1/c0	match	match	true	true
time/a4/m0/n1/c1	match	match	true	true
time/a4/m0/n1/c2	match	match	true	true
time/a4/m0/n1/c3	match	match	true	true
time/a4/m1/n0/c0	match	match	true	true
time/a4/m1/n0/c1	match	match	true	true
time/a4/m1/n0/c2	match	match	true	true
time/a4/m1/n0/c3	match	match	true	true
time/a4/m1/n1/c0	match	match	true	true
time/a4/m1/n1/c1	match	match	true	true
time/a4/m1/n1/c2	match	match	true	true
time/a4/m1/n1/c3	match	match	true	true
time/a4/m2/n0/c0	match	match	true	true
time/a4/m2/n0/c1	match	match	true	true
time/a4/m2/n0/c2	match	match	true	true
time/a4/m2/n0/c3	match	match	true	true
time/a4/m2/n1/c0	match	match	true	true
time/a4/m2/n1/c1	match	match	true	true
time/a4/m2/n1/c2	match	match	true	true
time/a4/m2/n1/c3	match	match	true	true
time/a4/m3/n0/c0	match	match	true	true
time/a4/m3/n0/c1	match	match	true	true
time/a4/m3/n0/c2	match	match	true	true
time/a4/m3/n0/c3	match	match	true	true
time/a4/m3/n1/c0	match	match	true	true
time/a4/m3/n1/c1	match	match	true	true
time/a4/m3/n1/c2	match	match	true	true
time/a4/m3/n1/c3	match	match	true	true
time/a5/m0/n0/c0	match	match	true	true
time/a5/m0/n0/c1	match	match	true	true
time/a5/m0/n0/c2	match	match	true	true
time/a5/m0/n0/c3	match	match	true	true
time/a5/m0/n1/c0	match	match	true	true
time/a5/m0/n1/c1	match	match	true	true
time/a5/m0/n1/c2	match	match	true	true
time/a5/m0/n1/c3	match	match	true	true
time/a5/m1/n0/c0	match	match	true	true
time/a5/m1/n0/c1	match	match	true	true
time/a5/m1/n0/c2	match	match	true	true
time/a5/m1/n0/c3	match	match	true	true
time/a5/m1/n1/c0	match	match	true	true
time/a5/m1/n1/c1	match	match	true	true
time/a5/m1/n1/c2	match	match	true	true
time/a5/m1/n1/c3	match	match	true	true
time/a5/m2/n0/c0	match	match	true	true
time/a5/m2/n0/c1	match	match	true	true
time/a5/m2/n0/c2	match	match	true	true
time/a5/m2/n0/c3	match	match	true	true
time/a5/m2/n1/c0	match	match	true	true
time/a5/m2/n1/c1	match	match	true	true
time/a5/m2/n1/c2	match	match	true	true
time/a5/m2/n1/c3	match	match	true	true
time/a5/m3/n0/c0	match	match	true	true
time/a5/m3/n0/c1	match	match	true	true
time/a5/m3/n0/c2	match	match	true	true
time/a5/m3/n0/c3	match	match	true	true
time/a5/m3/n1/c0	match	match	true	true
time/a5/m3/n1/c1	match	match	true	true
time/a5/m3/n1/c2	match	match	true	true
time/a5/m3/n1/c3	match	match	true	true
time/a6/m0/n0/c0	match	match	true	true
time/a6/m0/n0/c1	match	match	true	true
time/a6/m0/n0/c2	match	match	true	true
time/a6/m0/n0/c3	match	match	true	true
time/a6/m0/n1/c0	match	match	true	true
time/a6/m0/n1/c1	match	match	true	true
time/a6/m0/n1/c2	match	match	true	true
time/a6/m0/n1/c3	match	match	true	true
time/a6/m1/n0/c0	match	match	true	true
time/a6/m1/n0/c1	match	match	true	true
time/a6/m1/n0/c2	match	match	true	true
time/a6/m1/n0/c3	match	match	true	true
time/a6/m1/n1/c0	match	match	true	true
time/a6/m1/n1/c1	match	match	true	true
time/a6/m1/n1/c2	match	match	true	true
time/a6/m1/n1/c3	match	match	true	true
time/a6/m2/n0/c0	match	match	true	true
time/a6/m2/n0/c1	match	match	true	true
time/a6/m2/n0/c2	match	match	true	true
time/a6/m2/n0/c3	match	match	true	true
time/a6/m2/n1/c0	match	match	true	true
time/a6/m2/n1/c1	match	match	true	true
time/a6/m2/n1/c2	match	match	true	true
time/a6/m2/n1/c3	match	match	true	true
time/a6/m3/n0/c0	match	match	true	true
time/a6/m3/n0/c1	match	match	true	true
time/a6/m3/n0/c2	match	match	true	true
time/a6/m3/n0/c3	match	match	true	true
time/a6/m3/n1/c0	match	match	true	true
time/a6/m3/n1/c1	match	match	true	true
time/a6/m3/n1/c2	match	match	true	true
time/a6/m3/n1/c3	match	match	true	true
time/a7/m0/n0/c0	match	match	true	true
time/a7/m0/n0/c1	match	match	true	true
time/a7/m0/n0/c2	match	match	true	true
time/a7/m0/n0/c3	match	match	true	true
time/a7/m0/n1/c0	match	match	true	true
time/a7/m0/n1/c1	match	match	true	true
time/a7/m0/n1/c2	match	match	true	true
time/a7/m0/n1/c3	match	match	true	true
time/a7/m1/n0/c0	match	match	true	true
time/a7/m1/n0/c1	match	match	true	true
time/a7/m1/n0/c2	match	match	true	true
time/a7/m1/n0/c3	match	match	true	true
time/a7/m1/n1/c0	match	match	true	true
time/a7/m1/n1/c1	match	match	true	true
time/a7/m1/n1/c2	match	match	true	true
time/a7/m1/n1/c3	match	match	true	true
time/a7/m2/n0/c0	match	match	true	true
time/a7/m2/n0/c1	match	match	true	true
time/a7/m2/n0/c2	match	match	true	true
time/a7/m2/n0/c3	match	match	true	true
time/a7/m2/n1/c0	match	match	true	true
time/a7/m2/n1/c1	match	match	true	true
time/a7/m2/n1/c2	match	match	true	true
time/a7/m2/n1/c3	match	match	true	true
time/a7/m3/n0/c0	match	match	true	true
time/a7/m3/n0/c1	match	match	true	true
time/a7/m3/n0/c2	match	match	true	true
time/a7/m3/n0/c3	match	match	true	true
time/a7/m3/n1/c0	match	match	true	true
time/a7/m3/n1/c1	match	match	true	true
time/a7/m3/n1/c2	match	match	true	true
time/a7/m3/n1/c3	match	match	true	true
null/a0/m0/n0/c0	match	match	true	true
null/a0/m0/n0/c1	match	match	true	true
null/a0/m0/n0/c2	match	match	true	true
null/a0/m0/n0/c3	match	match	true	true
null/a0/m0/n1/c0	match	match	true	true
null/a0/m0/n1/c1	match	match	true	true
null/a0/m0/n1/c2	match	match	true	true
null/a0/m0/n1/c3	match	match	true	true
null/a0/m1/n0/c0	match	match	true	true
null/a0/m1/n0/c1	match	match	true	true
null/a0/m1/n0/c2	match	match	true	true
null/a0/m1/n0/c3	match	match	true	true
null/a0/m1/n1/c0	match	match	true	true
null/a0/m1/n1/c1	match	match	true	true
null/a0/m1/n1/c2	match	match	true	true
null/a0/m1/n1/c3	match	match	true	true
null/a0/m2/n0/c0	match	match	true	true
null/a0/m2/n0/c1	match	match	true	true
null/a0/m2/n0/c2	match	match	true	true
null/a0/m2/n0/c3	match	match	true	true
null/a0/m2/n1/c0	match	match	true	true
null/a0/m2/n1/c1	match	match	true	true
null/a0/m2/n1/c2	match	match	true	true
null/a0/m2/n1/c3	match	match	true	true
null/a0/m3/n0/c0	match	match	true	true
null/a0/m3/n0/c1	match	match	true	true
null/a0/m3/n0/c2	match	match	true	true
null/a0/m3/n0/c3	match	match	true	true
null/a0/m3/n1/c0	match	match	true	true
null/a0/m3/n1/c1	match	match	true	true
null/a0/m3/n1/c2	match	match	true	true
null/a0/m3/n1/c3	match	match	true	true
null/a1/m0/n0/c0	match	match	true	true
null/a1/m0/n0/c1	match	match	true	true
null/a1/m0/n0/c2	match	match	true	true
null/a1/m0/n0/c3	match	match	true	true
null/a1/m0/n1/c0	match	match	true	true
null/a1/m0/n1/c1	match	match	true	true
null/a1/m0/n1/c2	match	match	true	true
null/a1/m0/n1/c3	match	match	true	true
null/a1/m1/n0/c0	match	match	true	true
null/a1/m1/n0/c1	match	match	true	true
null/a1/m1/n0/c2	match	match	true	true
null/a1/m1/n0/c3	match	match	true	true
null/a1/m1/n1/c0	match	match	true	true
null/a1/m1/n1/c1	match	match	true	true
null/a1/m1/n1/c2	match	match	true	true
null/a1/m1/n1/c3	match	match	true	true
null/a1/m2/n0/c0	match	match	true	true
null/a1/m2/n0/c1	match	match	true	true
null/a1/m2/n0/c2	match	match	true	true
null/a1/m2/n0/c3	match	match	true	true
null/a1/m2/n1/c0	match	match	true	true
null/a1/m2/n1/c1	match	match	true	true
null/a1/m2/n1/c2	match	match	true	true
null/a1/m2/n1/c3	match	match	true	true
null/a1/m3/n0/c0	match	match	true	true
null/a1/m3/n0/c1	match	match	true	true
null/a1/m3/n0/c2	match	match	true	true
null/a1/m3/n0/c3	match	match	true	true
null/a1/m3/n1/c0	match	match	true	true
null/a1/m3/n1/c1	match	match	true	true
null/a1/m3/n1/c2	match	match	true	true
null/a1/m3/n1/c3	match	match	true	true
null/a2/m0/n0/c0	match	match	true	true
null/a2/m0/n0/c1	match	match	true	true
null/a2/m0/n0/c2	match	match	true	true
null/a2/m0/n0/c3	match	match	true	true
null/a2/m0/n1/c0	match	match	true	true
null/a2/m0/n1/c1	match	match	true	true
null/a2/m0/n1/c2	match	match	true	true
null/a2/m0/n1/c3	match	match	true	true
null/a2/m1/n0/c0	match	match	true	true
null/a2/m1/n0/c1	match	match	true	true
null/a2/m1/n0/c2	match	match	true	true
null/a2/m1/n0/c3	match	match	true	true
null/a2/m1/n1/c0	match	match	true	true
null/a2/m1/n1/c1	match	match	true	true
null/a2/m1/n1/c2	match	match	true	true
null/a2/m1/n1/c3	match	match	true	true
null/a2/m2/n0/c0	match	match	true	true
null/a2/m2/n0/c1	match	match	true	true
null/a2/m2/n0/c2	match	match	true	true
null/a2/m2/n0/c3	match	match	true	true
null/a2/m2/n1/c0	match	match	true	true
null/a2/m2/n1/c1	match	match	true	true
null/a2/m2/n1/c2	match	match	true	true
null/a2/m2/n1/c3	match	match	true	true
null/a2/m3/n0/c0	match	match	true	true
null/a2/m3/n0/c1	match	match	true	true
null/a2/m3/n0/c2	match	match	true	true
null/a2/m3/n0/c3	match	match	true	true
null/a2/m3/n1/c0	match	match	true	true
null/a2/m3/n1/c1	match	match	true	true
null/a2/m3/n1/c2	match	match	true	true
null/a2/m3/n1/c3	match	match	true	true
null/a3/m0/n0/c0	match	match	true	true
null/a3/m0/n0/c1	match	match	true	true
null/a3/m0/n0/c2	match	match	true	true
null/a3/m0/n0/c3	match	match	true	true
null/a3/m0/n1/c0	match	match	true	true
null/a3/m0/n1/c1	match	match	true	true
null/a3/m0/n1/c2	match	match	true	true
null/a3/m0/n1/c3	match	match	true	true
null/a3/m1/n0/c0	match	match	true	true
null/a3/m1/n0/c1	match	match	true	true
null/a3/m1/n0/c2	match	match	true	true
null/a3/m1/n0/c3	match	match	true	true
null/a3/m1/n1/c0	match	match	true	true
null/a3/m1/n1/c1	match	match	true	true
null/a3/m1/n1/c2	match	match	true	true
null/a3/m1/n1/c3	match	match	true	true
null/a3/m2/n0/c0	match	match	true	true
null/a3/m2/n0/c1	match	match	true	true
null/a3/m2/n0/c2	match	match	true	true
null/a3/m2/n0/c3	match	match	true	true
null/a3/m2/n1/c0	match	match	true	true
null/a3/m2/n1/c1	match	match	true	true
null/a3/m2/n1/c2	match	match	true	true
null/a3/m2/n1/c3	match	match	true	true
null/a3/m3/n0/c0	match	match	true	true
null/a3/m3/n0/c1	match	match	true	true
null/a3/m3/n0/c2	match	match	true	true
null/a3/m3/n0/c3	match	match	true	true
null/a3/m3/n1/c0	match	match	true	true
null/a3/m3/n1/c1	match	match	true	true
null/a3/m3/n1/c2	match	match	true	true
null/a3/m3/n1/c3	match	match	true	true
null/a4/m0/n0/c0	match	match	true	true
null/a4/m0/n0/c1	match	match	true	true
null/a4/m0/n0/c2	match	match	true	true
null/a4/m0/n0/c3	match	match	true	true
null/a4/m0/n1/c0	match	match	true	true
null/a4/m0/n1/c1	match	match	true	true
null/a4/m0/n1/c2	match	match	true	true
null/a4/m0/n1/c3	match	match	true	true
null/a4/m1/n0/c0	match	match	true	true
null/a4/m1/n0/c1	match	match	true	true
null/a4/m1/n0/c2	match	match	true	true
null/a4/m1/n0/c3	match	match	true	true
null/a4/m1/n1/c0	match	match	true	true
null/a4/m1/n1/c1	match	match	true	true
null/a4/m1/n1/c2	match	match	true	true
null/a4/m1/n1/c3	match	match	true	true
null/a4/m2/n0/c0	match	match	true	true
null/a4/m2/n0/c1	match	match	true	true
null/a4/m2/n0/c2	match	match	true	true
null/a4/m2/n0/c3	match	match	true	true
null/a4/m2/n1/c0	match	match	true	true
null/a4/m2/n1/c1	match	match	true	true
null/a4/m2/n1/c2	match	match	true	true
null/a4/m2/n1/c3	match	match	true	true
null/a4/m3/n0/c0	match	match	true	true
null/a4/m3/n0/c1	match	match	true	true
null/a4/m3/n0/c2	match	match	true	true
null/a4/m3/n0/c3	match	match	true	true
null/a4/m3/n1/c0	match	match	true	true
null/a4/m3/n1/c1	match	match	true	true
null/a4/m3/n1/c2	match	match	true	true
null/a4/m3/n1/c3	match	match	true	true
null/a5/m0/n0/c0	match	match	true	true
null/a5/m0/n0/c1	match	match	true	true
null/a5/m0/n0/c2	match	match	true	true
null/a5/m0/n0/c3	match	match	true	true
null/a5/m0/n1/c0	match	match	true	true
null/a5/m0/n1/c1	match	match	true	true
null/a5/m0/n1/c2	match	match	true	true
null/a5/m0/n1/c3	match	match	true	true
null/a5/m1/n0/c0	match	match	true	true
null/a5/m1/n0/c1	match	match	true	true
null/a5/m1/n0/c2	match	match	true	true
null/a5/m1/n0/c3	match	match	true	true
null/a5/m1/n1/c0	match	match	true	true
null/a5/m1/n1/c1	match	match	true	true
null/a5/m1/n1/c2	match	match	true	true
null/a5/m1/n1/c3	match	match	true	true
null/a5/m2/n0/c0	match	match	true	true
null/a5/m2/n0/c1	match	match	true	true
null/a5/m2/n0/c2	match	match	true	true
null/a5/m2/n0/c3	match	match	true	true
null/a5/m2/n1/c0	match	match	true	true
null/a5/m2/n1/c1	match	match	true	true
null/a5/m2/n1/c2	match	match	true	true
null/a5/m2/n1/c3	match	match	true	true
null/a5/m3/n0/c0	match	match	true	true
null/a5/m3/n0/c1	match	match	true	true
null/a5/m3/n0/c2	match	match	true	true
null/a5/m3/n0/c3	match	match	true	true
null/a5/m3/n1/c0	match	match	true	true
null/a5/m3/n1/c1	match	match	true	true
null/a5/m3/n1/c2	match	match	true	true
null/a5/m3/n1/c3	match	match	true	true
null/a6/m0/n0/c0	match	match	true	true
null/a6/m0/n0/c1	match	match	true	true
null/a6/m0/n0/c2	match	match	true	true
null/a6/m0/n0/c3	match	match	true	true
null/a6/m0/n1/c0	match	match	true	true
null/a6/m0/n1/c1	match	match	true	true
null/a6/m0/n1/c2	match	match	true	true
null/a6/m0/n1/c3	match	match	true	true
null/a6/m1/n0/c0	match	match	true	true
null/a6/m1/n0/c1	match	match	true	true
null/a6/m1/n0/c2	match	match	true	true
null/a6/m1/n0/c3	match	match	true	true
null/a6/m1/n1/c0	match	match	true	true
null/a6/m1/n1/c1	match	match	true	true
null/a6/m1/n1/c2	match	match	true	true
null/a6/m1/n1/c3	match	match	true	true
null/a6/m2/n0/c0	match	match	true	true
null/a6/m2/n0/c1	match	match	true	true
null/a6/m2/n0/c2	match	match	true	true
null/a6/m2/n0/c3	match	match	true	true
null/a6/m2/n1/c0	match	match	true	true
null/a6/m2/n1/c1	match	match	true	true
null/a6/m2/n1/c2	match	match	true	true
null/a6/m2/n1/c3	match	match	true	true
null/a6/m3/n0/c0	match	match	true	true
null/a6/m3/n0/c1	match	match	true	true
null/a6/m3/n0/c2	match	match	true	true
null/a6/m3/n0/c3	match	match	true	true
null/a6/m3/n1/c0	match	match	true	true
null/a6/m3/n1/c1	match	match	true	true
null/a6/m3/n1/c2	match	match	true	true
null/a6/m3/n1/c3	match	match	true	true
null/a7/m0/n0/c0	match	match	true	true
null/a7/m0/n0/c1	match	match	true	true
null/a7/m0/n0/c2	match	match	true	true
null/a7/m0/n0/c3	match	match	true	true
null/a7/m0/n1/c0	match	match	true	true
null/a7/m0/n1/c1	match	match	true	true
null/a7/m0/n1/c2	match	match	true	true
null/a7/m0/n1/c3	match	match	true	true
null/a7/m1/n0/c0	match	match	true	true
null/a7/m1/n0/c1	match	match	true	true
null/a7/m1/n0/c2	match	match	true	true
null/a7/m1/n0/c3	match	match	true	true
null/a7/m1/n1/c0	match	match	true	true
null/a7/m1/n1/c1	match	match	true	true
null/a7/m1/n1/c2	match	match	true	true
null/a7/m1/n1/c3	match	match	true	true
null/a7/m2/n0/c0	match	match	true	true
null/a7/m2/n0/c1	match	match	true	true
null/a7/m2/n0/c2	match	match	true	true
null/a7/m2/n0/c3	match	match	true	true
null/a7/m2/n1/c0	match	match	true	true
null/a7/m2/n1/c1	match	match	true	true
null/a7/m2/n1/c2	match	match	true	true
null/a7/m2/n1/c3	match	match	true	true
null/a7/m3/n0/c0	match	match	true	true
null/a7/m3/n0/c1	match	match	true	true
null/a7/m3/n0/c2	match	match	true	true
null/a7/m3/n0/c3	match	match	true	true
null/a7/m3/n1/c0	match	match	true	true
null/a7/m3/n1/c1	match	match	true	true
null/a7/m3/n1/c2	match	match	true	true
null/a7/m3/n1/c3	match	match	true	true
probe/input-1000/a0/n0	match	match	true	true
probe/input-2000/a0/n0	match	match	true	true
probe/input-4000/a0/n0	match	match	true	true
probe/input-8000/a0/n0	match	match	true	true
probe/input-10000/a0/n0	match	match	true	true
probe/input-80000/a0/n0	match	match	true	true
probe/input-100000/a0/n0	match	match	true	true
probe/ime-80000000/a0/n0	match	match	true	true
probe/ime-20000000/a0/n0	match	match	true	true
probe/ime-10000000/a0/n0	match	match	true	true
probe/ime-8000000/a0/n0	match	match	true	true
probe/ime-4000000/a0/n0	match	match	true	true
probe/ime-2000000/a0/n0	match	match	true	true
probe/ime-1000000/a0/n0	match	match	true	true
probe/ime-800000/a0/n0	match	match	true	true
probe/ime-400000/a0/n0	match	match	true	true
probe/ime-200000/a0/n0	match	match	true	true
probe/ime-100000/a0/n0	match	match	true	true
probe/number-1002/a0/n0	match	match	true	true
probe/number-2002/a0/n0	match	match	true	true
probe/number-3002/a0/n0	match	match	true	true
probe/hintText-Search/a0/n0	match	match	true	true
probe/hintText-検索/a0/n0	match	match	true	true
probe/hintText-Password/a0/n0	match	match	true	true
probe/hintText-ordinary/a0/n0	match	match	true	true
probe/fieldName-Search/a0/n0	match	match	true	true
probe/fieldName-検索/a0/n0	match	match	true	true
probe/fieldName-Password/a0/n0	match	match	true	true
probe/fieldName-ordinary/a0/n0	match	match	true	true
probe/privateImeOptions-Search/a0/n0	match	match	true	true
probe/privateImeOptions-検索/a0/n0	match	match	true	true
probe/privateImeOptions-Password/a0/n0	match	match	true	true
probe/privateImeOptions-ordinary/a0/n0	match	match	true	true
probe/input-1000/a0/n1	match	match	true	true
probe/input-2000/a0/n1	match	match	true	true
probe/input-4000/a0/n1	match	match	true	true
probe/input-8000/a0/n1	match	match	true	true
probe/input-10000/a0/n1	match	match	true	true
probe/input-80000/a0/n1	match	match	true	true
probe/input-100000/a0/n1	match	match	true	true
probe/ime-80000000/a0/n1	match	match	true	true
probe/ime-20000000/a0/n1	match	match	true	true
probe/ime-10000000/a0/n1	match	match	true	true
probe/ime-8000000/a0/n1	match	match	true	true
probe/ime-4000000/a0/n1	match	match	true	true
probe/ime-2000000/a0/n1	match	match	true	true
probe/ime-1000000/a0/n1	match	match	true	true
probe/ime-800000/a0/n1	match	match	true	true
probe/ime-400000/a0/n1	match	match	true	true
probe/ime-200000/a0/n1	match	match	true	true
probe/ime-100000/a0/n1	match	match	true	true
probe/number-1002/a0/n1	match	match	true	true
probe/number-2002/a0/n1	match	match	true	true
probe/number-3002/a0/n1	match	match	true	true
probe/hintText-Search/a0/n1	match	match	true	true
probe/hintText-検索/a0/n1	match	match	true	true
probe/hintText-Password/a0/n1	match	match	true	true
probe/hintText-ordinary/a0/n1	match	match	true	true
probe/fieldName-Search/a0/n1	match	match	true	true
probe/fieldName-検索/a0/n1	match	match	true	true
probe/fieldName-Password/a0/n1	match	match	true	true
probe/fieldName-ordinary/a0/n1	match	match	true	true
probe/privateImeOptions-Search/a0/n1	match	match	true	true
probe/privateImeOptions-検索/a0/n1	match	match	true	true
probe/privateImeOptions-Password/a0/n1	match	match	true	true
probe/privateImeOptions-ordinary/a0/n1	match	match	true	true
probe/input-1000/a1/n0	match	match	true	true
probe/input-2000/a1/n0	match	match	true	true
probe/input-4000/a1/n0	match	match	true	true
probe/input-8000/a1/n0	match	match	true	true
probe/input-10000/a1/n0	match	match	true	true
probe/input-80000/a1/n0	match	match	true	true
probe/input-100000/a1/n0	match	match	true	true
probe/ime-80000000/a1/n0	match	match	true	true
probe/ime-20000000/a1/n0	match	match	true	true
probe/ime-10000000/a1/n0	match	match	true	true
probe/ime-8000000/a1/n0	match	match	true	true
probe/ime-4000000/a1/n0	match	match	true	true
probe/ime-2000000/a1/n0	match	match	true	true
probe/ime-1000000/a1/n0	match	match	true	true
probe/ime-800000/a1/n0	match	match	true	true
probe/ime-400000/a1/n0	match	match	true	true
probe/ime-200000/a1/n0	match	match	true	true
probe/ime-100000/a1/n0	match	match	true	true
probe/number-1002/a1/n0	match	match	true	true
probe/number-2002/a1/n0	match	match	true	true
probe/number-3002/a1/n0	match	match	true	true
probe/hintText-Search/a1/n0	match	match	true	true
probe/hintText-検索/a1/n0	match	match	true	true
probe/hintText-Password/a1/n0	match	match	true	true
probe/hintText-ordinary/a1/n0	match	match	true	true
probe/fieldName-Search/a1/n0	match	match	true	true
probe/fieldName-検索/a1/n0	match	match	true	true
probe/fieldName-Password/a1/n0	match	match	true	true
probe/fieldName-ordinary/a1/n0	match	match	true	true
probe/privateImeOptions-Search/a1/n0	match	match	true	true
probe/privateImeOptions-検索/a1/n0	match	match	true	true
probe/privateImeOptions-Password/a1/n0	match	match	true	true
probe/privateImeOptions-ordinary/a1/n0	match	match	true	true
probe/input-1000/a1/n1	match	match	true	true
probe/input-2000/a1/n1	match	match	true	true
probe/input-4000/a1/n1	match	match	true	true
probe/input-8000/a1/n1	match	match	true	true
probe/input-10000/a1/n1	match	match	true	true
probe/input-80000/a1/n1	match	match	true	true
probe/input-100000/a1/n1	match	match	true	true
probe/ime-80000000/a1/n1	match	match	true	true
probe/ime-20000000/a1/n1	match	match	true	true
probe/ime-10000000/a1/n1	match	match	true	true
probe/ime-8000000/a1/n1	match	match	true	true
probe/ime-4000000/a1/n1	match	match	true	true
probe/ime-2000000/a1/n1	match	match	true	true
probe/ime-1000000/a1/n1	match	match	true	true
probe/ime-800000/a1/n1	match	match	true	true
probe/ime-400000/a1/n1	match	match	true	true
probe/ime-200000/a1/n1	match	match	true	true
probe/ime-100000/a1/n1	match	match	true	true
probe/number-1002/a1/n1	match	match	true	true
probe/number-2002/a1/n1	match	match	true	true
probe/number-3002/a1/n1	match	match	true	true
probe/hintText-Search/a1/n1	match	match	true	true
probe/hintText-検索/a1/n1	match	match	true	true
probe/hintText-Password/a1/n1	match	match	true	true
probe/hintText-ordinary/a1/n1	match	match	true	true
probe/fieldName-Search/a1/n1	match	match	true	true
probe/fieldName-検索/a1/n1	match	match	true	true
probe/fieldName-Password/a1/n1	match	match	true	true
probe/fieldName-ordinary/a1/n1	match	match	true	true
probe/privateImeOptions-Search/a1/n1	match	match	true	true
probe/privateImeOptions-検索/a1/n1	match	match	true	true
probe/privateImeOptions-Password/a1/n1	match	match	true	true
probe/privateImeOptions-ordinary/a1/n1	match	match	true	true
probe/input-1000/a2/n0	match	match	true	true
probe/input-2000/a2/n0	match	match	true	true
probe/input-4000/a2/n0	match	match	true	true
probe/input-8000/a2/n0	match	match	true	true
probe/input-10000/a2/n0	match	match	true	true
probe/input-80000/a2/n0	match	match	true	true
probe/input-100000/a2/n0	match	match	true	true
probe/ime-80000000/a2/n0	match	match	true	true
probe/ime-20000000/a2/n0	match	match	true	true
probe/ime-10000000/a2/n0	match	match	true	true
probe/ime-8000000/a2/n0	match	match	true	true
probe/ime-4000000/a2/n0	match	match	true	true
probe/ime-2000000/a2/n0	match	match	true	true
probe/ime-1000000/a2/n0	match	match	true	true
probe/ime-800000/a2/n0	match	match	true	true
probe/ime-400000/a2/n0	match	match	true	true
probe/ime-200000/a2/n0	match	match	true	true
probe/ime-100000/a2/n0	match	match	true	true
probe/number-1002/a2/n0	match	match	true	true
probe/number-2002/a2/n0	match	match	true	true
probe/number-3002/a2/n0	match	match	true	true
probe/hintText-Search/a2/n0	match	match	true	true
probe/hintText-検索/a2/n0	match	match	true	true
probe/hintText-Password/a2/n0	match	match	true	true
probe/hintText-ordinary/a2/n0	match	match	true	true
probe/fieldName-Search/a2/n0	match	match	true	true
probe/fieldName-検索/a2/n0	match	match	true	true
probe/fieldName-Password/a2/n0	match	match	true	true
probe/fieldName-ordinary/a2/n0	match	match	true	true
probe/privateImeOptions-Search/a2/n0	match	match	true	true
probe/privateImeOptions-検索/a2/n0	match	match	true	true
probe/privateImeOptions-Password/a2/n0	match	match	true	true
probe/privateImeOptions-ordinary/a2/n0	match	match	true	true
probe/input-1000/a2/n1	match	match	true	true
probe/input-2000/a2/n1	match	match	true	true
probe/input-4000/a2/n1	match	match	true	true
probe/input-8000/a2/n1	match	match	true	true
probe/input-10000/a2/n1	match	match	true	true
probe/input-80000/a2/n1	match	match	true	true
probe/input-100000/a2/n1	match	match	true	true
probe/ime-80000000/a2/n1	match	match	true	true
probe/ime-20000000/a2/n1	match	match	true	true
probe/ime-10000000/a2/n1	match	match	true	true
probe/ime-8000000/a2/n1	match	match	true	true
probe/ime-4000000/a2/n1	match	match	true	true
probe/ime-2000000/a2/n1	match	match	true	true
probe/ime-1000000/a2/n1	match	match	true	true
probe/ime-800000/a2/n1	match	match	true	true
probe/ime-400000/a2/n1	match	match	true	true
probe/ime-200000/a2/n1	match	match	true	true
probe/ime-100000/a2/n1	match	match	true	true
probe/number-1002/a2/n1	match	match	true	true
probe/number-2002/a2/n1	match	match	true	true
probe/number-3002/a2/n1	match	match	true	true
probe/hintText-Search/a2/n1	match	match	true	true
probe/hintText-検索/a2/n1	match	match	true	true
probe/hintText-Password/a2/n1	match	match	true	true
probe/hintText-ordinary/a2/n1	match	match	true	true
probe/fieldName-Search/a2/n1	match	match	true	true
probe/fieldName-検索/a2/n1	match	match	true	true
probe/fieldName-Password/a2/n1	match	match	true	true
probe/fieldName-ordinary/a2/n1	match	match	true	true
probe/privateImeOptions-Search/a2/n1	match	match	true	true
probe/privateImeOptions-検索/a2/n1	match	match	true	true
probe/privateImeOptions-Password/a2/n1	match	match	true	true
probe/privateImeOptions-ordinary/a2/n1	match	match	true	true
probe/input-1000/a3/n0	match	match	true	true
probe/input-2000/a3/n0	match	match	true	true
probe/input-4000/a3/n0	match	match	true	true
probe/input-8000/a3/n0	match	match	true	true
probe/input-10000/a3/n0	match	match	true	true
probe/input-80000/a3/n0	match	match	true	true
probe/input-100000/a3/n0	match	match	true	true
probe/ime-80000000/a3/n0	match	match	true	true
probe/ime-20000000/a3/n0	match	match	true	true
probe/ime-10000000/a3/n0	match	match	true	true
probe/ime-8000000/a3/n0	match	match	true	true
probe/ime-4000000/a3/n0	match	match	true	true
probe/ime-2000000/a3/n0	match	match	true	true
probe/ime-1000000/a3/n0	match	match	true	true
probe/ime-800000/a3/n0	match	match	true	true
probe/ime-400000/a3/n0	match	match	true	true
probe/ime-200000/a3/n0	match	match	true	true
probe/ime-100000/a3/n0	match	match	true	true
probe/number-1002/a3/n0	match	match	true	true
probe/number-2002/a3/n0	match	match	true	true
probe/number-3002/a3/n0	match	match	true	true
probe/hintText-Search/a3/n0	match	match	true	true
probe/hintText-検索/a3/n0	match	match	true	true
probe/hintText-Password/a3/n0	match	match	true	true
probe/hintText-ordinary/a3/n0	match	match	true	true
probe/fieldName-Search/a3/n0	match	match	true	true
probe/fieldName-検索/a3/n0	match	match	true	true
probe/fieldName-Password/a3/n0	match	match	true	true
probe/fieldName-ordinary/a3/n0	match	match	true	true
probe/privateImeOptions-Search/a3/n0	match	match	true	true
probe/privateImeOptions-検索/a3/n0	match	match	true	true
probe/privateImeOptions-Password/a3/n0	match	match	true	true
probe/privateImeOptions-ordinary/a3/n0	match	match	true	true
probe/input-1000/a3/n1	match	match	true	true
probe/input-2000/a3/n1	match	match	true	true
probe/input-4000/a3/n1	match	match	true	true
probe/input-8000/a3/n1	match	match	true	true
probe/input-10000/a3/n1	match	match	true	true
probe/input-80000/a3/n1	match	match	true	true
probe/input-100000/a3/n1	match	match	true	true
probe/ime-80000000/a3/n1	match	match	true	true
probe/ime-20000000/a3/n1	match	match	true	true
probe/ime-10000000/a3/n1	match	match	true	true
probe/ime-8000000/a3/n1	match	match	true	true
probe/ime-4000000/a3/n1	match	match	true	true
probe/ime-2000000/a3/n1	match	match	true	true
probe/ime-1000000/a3/n1	match	match	true	true
probe/ime-800000/a3/n1	match	match	true	true
probe/ime-400000/a3/n1	match	match	true	true
probe/ime-200000/a3/n1	match	match	true	true
probe/ime-100000/a3/n1	match	match	true	true
probe/number-1002/a3/n1	match	match	true	true
probe/number-2002/a3/n1	match	match	true	true
probe/number-3002/a3/n1	match	match	true	true
probe/hintText-Search/a3/n1	match	match	true	true
probe/hintText-検索/a3/n1	match	match	true	true
probe/hintText-Password/a3/n1	match	match	true	true
probe/hintText-ordinary/a3/n1	match	match	true	true
probe/fieldName-Search/a3/n1	match	match	true	true
probe/fieldName-検索/a3/n1	match	match	true	true
probe/fieldName-Password/a3/n1	match	match	true	true
probe/fieldName-ordinary/a3/n1	match	match	true	true
probe/privateImeOptions-Search/a3/n1	match	match	true	true
probe/privateImeOptions-検索/a3/n1	match	match	true	true
probe/privateImeOptions-Password/a3/n1	match	match	true	true
probe/privateImeOptions-ordinary/a3/n1	match	match	true	true
probe/input-1000/a4/n0	match	match	true	true
probe/input-2000/a4/n0	match	match	true	true
probe/input-4000/a4/n0	match	match	true	true
probe/input-8000/a4/n0	match	match	true	true
probe/input-10000/a4/n0	match	match	true	true
probe/input-80000/a4/n0	match	match	true	true
probe/input-100000/a4/n0	match	match	true	true
probe/ime-80000000/a4/n0	match	match	true	true
probe/ime-20000000/a4/n0	match	match	true	true
probe/ime-10000000/a4/n0	match	match	true	true
probe/ime-8000000/a4/n0	match	match	true	true
probe/ime-4000000/a4/n0	match	match	true	true
probe/ime-2000000/a4/n0	match	match	true	true
probe/ime-1000000/a4/n0	match	match	true	true
probe/ime-800000/a4/n0	match	match	true	true
probe/ime-400000/a4/n0	match	match	true	true
probe/ime-200000/a4/n0	match	match	true	true
probe/ime-100000/a4/n0	match	match	true	true
probe/number-1002/a4/n0	match	match	true	true
probe/number-2002/a4/n0	match	match	true	true
probe/number-3002/a4/n0	match	match	true	true
probe/hintText-Search/a4/n0	match	match	true	true
probe/hintText-検索/a4/n0	match	match	true	true
probe/hintText-Password/a4/n0	match	match	true	true
probe/hintText-ordinary/a4/n0	match	match	true	true
probe/fieldName-Search/a4/n0	match	match	true	true
probe/fieldName-検索/a4/n0	match	match	true	true
probe/fieldName-Password/a4/n0	match	match	true	true
probe/fieldName-ordinary/a4/n0	match	match	true	true
probe/privateImeOptions-Search/a4/n0	match	match	true	true
probe/privateImeOptions-検索/a4/n0	match	match	true	true
probe/privateImeOptions-Password/a4/n0	match	match	true	true
probe/privateImeOptions-ordinary/a4/n0	match	match	true	true
probe/input-1000/a4/n1	match	match	true	true
probe/input-2000/a4/n1	match	match	true	true
probe/input-4000/a4/n1	match	match	true	true
probe/input-8000/a4/n1	match	match	true	true
probe/input-10000/a4/n1	match	match	true	true
probe/input-80000/a4/n1	match	match	true	true
probe/input-100000/a4/n1	match	match	true	true
probe/ime-80000000/a4/n1	match	match	true	true
probe/ime-20000000/a4/n1	match	match	true	true
probe/ime-10000000/a4/n1	match	match	true	true
probe/ime-8000000/a4/n1	match	match	true	true
probe/ime-4000000/a4/n1	match	match	true	true
probe/ime-2000000/a4/n1	match	match	true	true
probe/ime-1000000/a4/n1	match	match	true	true
probe/ime-800000/a4/n1	match	match	true	true
probe/ime-400000/a4/n1	match	match	true	true
probe/ime-200000/a4/n1	match	match	true	true
probe/ime-100000/a4/n1	match	match	true	true
probe/number-1002/a4/n1	match	match	true	true
probe/number-2002/a4/n1	match	match	true	true
probe/number-3002/a4/n1	match	match	true	true
probe/hintText-Search/a4/n1	match	match	true	true
probe/hintText-検索/a4/n1	match	match	true	true
probe/hintText-Password/a4/n1	match	match	true	true
probe/hintText-ordinary/a4/n1	match	match	true	true
probe/fieldName-Search/a4/n1	match	match	true	true
probe/fieldName-検索/a4/n1	match	match	true	true
probe/fieldName-Password/a4/n1	match	match	true	true
probe/fieldName-ordinary/a4/n1	match	match	true	true
probe/privateImeOptions-Search/a4/n1	match	match	true	true
probe/privateImeOptions-検索/a4/n1	match	match	true	true
probe/privateImeOptions-Password/a4/n1	match	match	true	true
probe/privateImeOptions-ordinary/a4/n1	match	match	true	true
probe/input-1000/a5/n0	match	match	true	true
probe/input-2000/a5/n0	match	match	true	true
probe/input-4000/a5/n0	match	match	true	true
probe/input-8000/a5/n0	match	match	true	true
probe/input-10000/a5/n0	match	match	true	true
probe/input-80000/a5/n0	match	match	true	true
probe/input-100000/a5/n0	match	match	true	true
probe/ime-80000000/a5/n0	match	match	true	true
probe/ime-20000000/a5/n0	match	match	true	true
probe/ime-10000000/a5/n0	match	match	true	true
probe/ime-8000000/a5/n0	match	match	true	true
probe/ime-4000000/a5/n0	match	match	true	true
probe/ime-2000000/a5/n0	match	match	true	true
probe/ime-1000000/a5/n0	match	match	true	true
probe/ime-800000/a5/n0	match	match	true	true
probe/ime-400000/a5/n0	match	match	true	true
probe/ime-200000/a5/n0	match	match	true	true
probe/ime-100000/a5/n0	match	match	true	true
probe/number-1002/a5/n0	match	match	true	true
probe/number-2002/a5/n0	match	match	true	true
probe/number-3002/a5/n0	match	match	true	true
probe/hintText-Search/a5/n0	match	match	true	true
probe/hintText-検索/a5/n0	match	match	true	true
probe/hintText-Password/a5/n0	match	match	true	true
probe/hintText-ordinary/a5/n0	match	match	true	true
probe/fieldName-Search/a5/n0	match	match	true	true
probe/fieldName-検索/a5/n0	match	match	true	true
probe/fieldName-Password/a5/n0	match	match	true	true
probe/fieldName-ordinary/a5/n0	match	match	true	true
probe/privateImeOptions-Search/a5/n0	match	match	true	true
probe/privateImeOptions-検索/a5/n0	match	match	true	true
probe/privateImeOptions-Password/a5/n0	match	match	true	true
probe/privateImeOptions-ordinary/a5/n0	match	match	true	true
probe/input-1000/a5/n1	match	match	true	true
probe/input-2000/a5/n1	match	match	true	true
probe/input-4000/a5/n1	match	match	true	true
probe/input-8000/a5/n1	match	match	true	true
probe/input-10000/a5/n1	match	match	true	true
probe/input-80000/a5/n1	match	match	true	true
probe/input-100000/a5/n1	match	match	true	true
probe/ime-80000000/a5/n1	match	match	true	true
probe/ime-20000000/a5/n1	match	match	true	true
probe/ime-10000000/a5/n1	match	match	true	true
probe/ime-8000000/a5/n1	match	match	true	true
probe/ime-4000000/a5/n1	match	match	true	true
probe/ime-2000000/a5/n1	match	match	true	true
probe/ime-1000000/a5/n1	match	match	true	true
probe/ime-800000/a5/n1	match	match	true	true
probe/ime-400000/a5/n1	match	match	true	true
probe/ime-200000/a5/n1	match	match	true	true
probe/ime-100000/a5/n1	match	match	true	true
probe/number-1002/a5/n1	match	match	true	true
probe/number-2002/a5/n1	match	match	true	true
probe/number-3002/a5/n1	match	match	true	true
probe/hintText-Search/a5/n1	match	match	true	true
probe/hintText-検索/a5/n1	match	match	true	true
probe/hintText-Password/a5/n1	match	match	true	true
probe/hintText-ordinary/a5/n1	match	match	true	true
probe/fieldName-Search/a5/n1	match	match	true	true
probe/fieldName-検索/a5/n1	match	match	true	true
probe/fieldName-Password/a5/n1	match	match	true	true
probe/fieldName-ordinary/a5/n1	match	match	true	true
probe/privateImeOptions-Search/a5/n1	match	match	true	true
probe/privateImeOptions-検索/a5/n1	match	match	true	true
probe/privateImeOptions-Password/a5/n1	match	match	true	true
probe/privateImeOptions-ordinary/a5/n1	match	match	true	true
probe/input-1000/a6/n0	match	match	true	true
probe/input-2000/a6/n0	match	match	true	true
probe/input-4000/a6/n0	match	match	true	true
probe/input-8000/a6/n0	match	match	true	true
probe/input-10000/a6/n0	match	match	true	true
probe/input-80000/a6/n0	match	match	true	true
probe/input-100000/a6/n0	match	match	true	true
probe/ime-80000000/a6/n0	match	match	true	true
probe/ime-20000000/a6/n0	match	match	true	true
probe/ime-10000000/a6/n0	match	match	true	true
probe/ime-8000000/a6/n0	match	match	true	true
probe/ime-4000000/a6/n0	match	match	true	true
probe/ime-2000000/a6/n0	match	match	true	true
probe/ime-1000000/a6/n0	match	match	true	true
probe/ime-800000/a6/n0	match	match	true	true
probe/ime-400000/a6/n0	match	match	true	true
probe/ime-200000/a6/n0	match	match	true	true
probe/ime-100000/a6/n0	match	match	true	true
probe/number-1002/a6/n0	match	match	true	true
probe/number-2002/a6/n0	match	match	true	true
probe/number-3002/a6/n0	match	match	true	true
probe/hintText-Search/a6/n0	match	match	true	true
probe/hintText-検索/a6/n0	match	match	true	true
probe/hintText-Password/a6/n0	match	match	true	true
probe/hintText-ordinary/a6/n0	match	match	true	true
probe/fieldName-Search/a6/n0	match	match	true	true
probe/fieldName-検索/a6/n0	match	match	true	true
probe/fieldName-Password/a6/n0	match	match	true	true
probe/fieldName-ordinary/a6/n0	match	match	true	true
probe/privateImeOptions-Search/a6/n0	match	match	true	true
probe/privateImeOptions-検索/a6/n0	match	match	true	true
probe/privateImeOptions-Password/a6/n0	match	match	true	true
probe/privateImeOptions-ordinary/a6/n0	match	match	true	true
probe/input-1000/a6/n1	match	match	true	true
probe/input-2000/a6/n1	match	match	true	true
probe/input-4000/a6/n1	match	match	true	true
probe/input-8000/a6/n1	match	match	true	true
probe/input-10000/a6/n1	match	match	true	true
probe/input-80000/a6/n1	match	match	true	true
probe/input-100000/a6/n1	match	match	true	true
probe/ime-80000000/a6/n1	match	match	true	true
probe/ime-20000000/a6/n1	match	match	true	true
probe/ime-10000000/a6/n1	match	match	true	true
probe/ime-8000000/a6/n1	match	match	true	true
probe/ime-4000000/a6/n1	match	match	true	true
probe/ime-2000000/a6/n1	match	match	true	true
probe/ime-1000000/a6/n1	match	match	true	true
probe/ime-800000/a6/n1	match	match	true	true
probe/ime-400000/a6/n1	match	match	true	true
probe/ime-200000/a6/n1	match	match	true	true
probe/ime-100000/a6/n1	match	match	true	true
probe/number-1002/a6/n1	match	match	true	true
probe/number-2002/a6/n1	match	match	true	true
probe/number-3002/a6/n1	match	match	true	true
probe/hintText-Search/a6/n1	match	match	true	true
probe/hintText-検索/a6/n1	match	match	true	true
probe/hintText-Password/a6/n1	match	match	true	true
probe/hintText-ordinary/a6/n1	match	match	true	true
probe/fieldName-Search/a6/n1	match	match	true	true
probe/fieldName-検索/a6/n1	match	match	true	true
probe/fieldName-Password/a6/n1	match	match	true	true
probe/fieldName-ordinary/a6/n1	match	match	true	true
probe/privateImeOptions-Search/a6/n1	match	match	true	true
probe/privateImeOptions-検索/a6/n1	match	match	true	true
probe/privateImeOptions-Password/a6/n1	match	match	true	true
probe/privateImeOptions-ordinary/a6/n1	match	match	true	true
probe/input-1000/a7/n0	match	match	true	true
probe/input-2000/a7/n0	match	match	true	true
probe/input-4000/a7/n0	match	match	true	true
probe/input-8000/a7/n0	match	match	true	true
probe/input-10000/a7/n0	match	match	true	true
probe/input-80000/a7/n0	match	match	true	true
probe/input-100000/a7/n0	match	match	true	true
probe/ime-80000000/a7/n0	match	match	true	true
probe/ime-20000000/a7/n0	match	match	true	true
probe/ime-10000000/a7/n0	match	match	true	true
probe/ime-8000000/a7/n0	match	match	true	true
probe/ime-4000000/a7/n0	match	match	true	true
probe/ime-2000000/a7/n0	match	match	true	true
probe/ime-1000000/a7/n0	match	match	true	true
probe/ime-800000/a7/n0	match	match	true	true
probe/ime-400000/a7/n0	match	match	true	true
probe/ime-200000/a7/n0	match	match	true	true
probe/ime-100000/a7/n0	match	match	true	true
probe/number-1002/a7/n0	match	match	true	true
probe/number-2002/a7/n0	match	match	true	true
probe/number-3002/a7/n0	match	match	true	true
probe/hintText-Search/a7/n0	match	match	true	true
probe/hintText-検索/a7/n0	match	match	true	true
probe/hintText-Password/a7/n0	match	match	true	true
probe/hintText-ordinary/a7/n0	match	match	true	true
probe/fieldName-Search/a7/n0	match	match	true	true
probe/fieldName-検索/a7/n0	match	match	true	true
probe/fieldName-Password/a7/n0	match	match	true	true
probe/fieldName-ordinary/a7/n0	match	match	true	true
probe/privateImeOptions-Search/a7/n0	match	match	true	true
probe/privateImeOptions-検索/a7/n0	match	match	true	true
probe/privateImeOptions-Password/a7/n0	match	match	true	true
probe/privateImeOptions-ordinary/a7/n0	match	match	true	true
probe/input-1000/a7/n1	match	match	true	true
probe/input-2000/a7/n1	match	match	true	true
probe/input-4000/a7/n1	match	match	true	true
probe/input-8000/a7/n1	match	match	true	true
probe/input-10000/a7/n1	match	match	true	true
probe/input-80000/a7/n1	match	match	true	true
probe/input-100000/a7/n1	match	match	true	true
probe/ime-80000000/a7/n1	match	match	true	true
probe/ime-20000000/a7/n1	match	match	true	true
probe/ime-10000000/a7/n1	match	match	true	true
probe/ime-8000000/a7/n1	match	match	true	true
probe/ime-4000000/a7/n1	match	match	true	true
probe/ime-2000000/a7/n1	match	match	true	true
probe/ime-1000000/a7/n1	match	match	true	true
probe/ime-800000/a7/n1	match	match	true	true
probe/ime-400000/a7/n1	match	match	true	true
probe/ime-200000/a7/n1	match	match	true	true
probe/ime-100000/a7/n1	match	match	true	true
probe/number-1002/a7/n1	match	match	true	true
probe/number-2002/a7/n1	match	match	true	true
probe/number-3002/a7/n1	match	match	true	true
probe/hintText-Search/a7/n1	match	match	true	true
probe/hintText-検索/a7/n1	match	match	true	true
probe/hintText-Password/a7/n1	match	match	true	true
probe/hintText-ordinary/a7/n1	match	match	true	true
probe/fieldName-Search/a7/n1	match	match	true	true
probe/fieldName-検索/a7/n1	match	match	true	true
probe/fieldName-Password/a7/n1	match	match	true	true
probe/fieldName-ordinary/a7/n1	match	match	true	true
probe/privateImeOptions-Search/a7/n1	match	match	true	true
probe/privateImeOptions-検索/a7/n1	match	match	true	true
probe/privateImeOptions-Password/a7/n1	match	match	true	true
probe/privateImeOptions-ordinary/a7/n1	match	match	true	true
regression/maps-photo-comment	match	match	true	true
edittext/a0/m0	match	match	true	true
edittext/a0/m1	match	match	true	true
edittext/a1/m0	match	match	true	true
edittext/a1/m1	match	match	true	true
edittext/a2/m0	match	match	true	true
edittext/a2/m1	match	match	true	true
edittext/a3/m0	match	match	true	true
edittext/a3/m1	match	match	true	true
edittext/a4/m0	match	match	true	true
edittext/a4/m1	match	match	true	true
edittext/a5/m0	match	match	true	true
edittext/a5/m1	match	match	true	true
edittext/a6/m0	match	match	true	true
edittext/a6/m1	match	match	true	true
edittext/a7/m0	match	match	true	true
edittext/a7/m1	match	match	true	true
compose/a0/m0	match	match	true	true
compose/a0/m1	match	match	true	true
compose/a1/m0	match	match	true	true
compose/a1/m1	match	match	true	true
compose/a2/m0	match	match	true	true
compose/a2/m1	match	match	true	true
compose/a3/m0	match	match	true	true
compose/a3/m1	match	match	true	true
compose/a4/m0	match	match	true	true
compose/a4/m1	match	match	true	true
compose/a5/m0	match	match	true	true
compose/a5/m1	match	match	true	true
compose/a6/m0	match	match	true	true
compose/a6/m1	match	match	true	true
compose/a7/m0	match	match	true	true
compose/a7/m1	match	match	true	true
webview/a0/m0	match	match	true	true
webview/a0/m1	match	match	true	true
webview/a1/m0	match	match	true	true
webview/a1/m1	match	match	true	true
webview/a2/m0	match	match	true	true
webview/a2/m1	match	match	true	true
webview/a3/m0	match	match	true	true
webview/a3/m1	match	match	true	true
webview/a4/m0	match	match	true	true
webview/a4/m1	match	match	true	true
webview/a5/m0	match	match	true	true
webview/a5/m1	match	match	true	true
webview/a6/m0	match	match	true	true
webview/a6/m1	match	match	true	true
webview/a7/m0	match	match	true	true
webview/a7/m1	match	match	true	true
